municipality_id,internal_item_id,coverage_status,mapping_branch_count,branch_completeness_confirmed,evidence_scope,item_evidence_source_id,item_evidence_url,item_evidence_locator,reviewed_date,reviewed_by,notes
M084,I001,MAPPED_INITIAL,1,FALSE,CATEGORY_LEVEL,,,,,,機械抽出。品目別調査と条件枝レビューは未完了。
M084,I002,NOT_RESEARCHED,0,FALSE,NONE,,,,,,未調査。不存在を意味しない。
M084,I003,NOT_RESEARCHED,0,FALSE,NONE,,,,,,未調査。不存在を意味しない。
M084,I004,MAPPED_INITIAL,1,FALSE,CATEGORY_LEVEL,,,,,,機械抽出。品目別調査と条件枝レビューは未完了。
M084,I005,MAPPED_INITIAL,1,FALSE,CATEGORY_LEVEL,,,,,,機械抽出。品目別調査と条件枝レビューは未完了。
M084,I006,MAPPED_INITIAL,1,FALSE,CATEGORY_LEVEL,,,,,,機械抽出。品目別調査と条件枝レビューは未完了。
M084,I007,NOT_RESEARCHED,0,FALSE,NONE,,,,,,未調査。不存在を意味しない。
M084,I008,NOT_RESEARCHED,0,FALSE,NONE,,,,,,未調査。不存在を意味しない。
M084,I009,NOT_RESEARCHED,0,FALSE,NONE,,,,,,未調査。不存在を意味しない。
M084,I010,NOT_RESEARCHED,0,FALSE,NONE,,,,,,未調査。不存在を意味しない。
M084,I011,NOT_RESEARCHED,0,FALSE,NONE,,,,,,未調査。不存在を意味しない。
M084,I012,NOT_RESEARCHED,0,FALSE,NONE,,,,,,未調査。不存在を意味しない。
M084,I013,NOT_RESEARCHED,0,FALSE,NONE,,,,,,未調査。不存在を意味しない。
M084,I014,NOT_RESEARCHED,0,FALSE,NONE,,,,,,未調査。不存在を意味しない。
M084,I015,NOT_RESEARCHED,0,FALSE,NONE,,,,,,未調査。不存在を意味しない。
M084,I016,NOT_RESEARCHED,0,FALSE,NONE,,,,,,未調査。不存在を意味しない。
M084,I017,NOT_RESEARCHED,0,FALSE,NONE,,,,,,未調査。不存在を意味しない。
M084,I018,NOT_RESEARCHED,0,FALSE,NONE,,,,,,未調査。不存在を意味しない。
M084,I019,NOT_RESEARCHED,0,FALSE,NONE,,,,,,未調査。不存在を意味しない。
M084,I020,NOT_RESEARCHED,0,FALSE,NONE,,,,,,未調査。不存在を意味しない。
M084,I021,NOT_RESEARCHED,0,FALSE,NONE,,,,,,未調査。不存在を意味しない。
M084,I022,NOT_RESEARCHED,0,FALSE,NONE,,,,,,未調査。不存在を意味しない。
M084,I023,NOT_RESEARCHED,0,FALSE,NONE,,,,,,未調査。不存在を意味しない。
M084,I024,NOT_RESEARCHED,0,FALSE,NONE,,,,,,未調査。不存在を意味しない。
M084,I025,NOT_RESEARCHED,0,FALSE,NONE,,,,,,未調査。不存在を意味しない。
M084,I026,NOT_RESEARCHED,0,FALSE,NONE,,,,,,未調査。不存在を意味しない。
M084,I027,NOT_RESEARCHED,0,FALSE,NONE,,,,,,未調査。不存在を意味しない。
M084,I028,NOT_RESEARCHED,0,FALSE,NONE,,,,,,未調査。不存在を意味しない。
M084,I029,NOT_RESEARCHED,0,FALSE,NONE,,,,,,未調査。不存在を意味しない。
M084,I030,NOT_RESEARCHED,0,FALSE,NONE,,,,,,未調査。不存在を意味しない。
M084,I031,NOT_RESEARCHED,0,FALSE,NONE,,,,,,未調査。不存在を意味しない。
M084,I032,NOT_RESEARCHED,0,FALSE,NONE,,,,,,未調査。不存在を意味しない。
M084,I033,NOT_RESEARCHED,0,FALSE,NONE,,,,,,未調査。不存在を意味しない。
M084,I034,NOT_RESEARCHED,0,FALSE,NONE,,,,,,未調査。不存在を意味しない。
M084,I035,NOT_RESEARCHED,0,FALSE,NONE,,,,,,未調査。不存在を意味しない。
M084,I036,NOT_RESEARCHED,0,FALSE,NONE,,,,,,未調査。不存在を意味しない。
M084,I037,NOT_RESEARCHED,0,FALSE,NONE,,,,,,未調査。不存在を意味しない。
M084,I038,NOT_RESEARCHED,0,FALSE,NONE,,,,,,未調査。不存在を意味しない。
M084,I039,NOT_RESEARCHED,0,FALSE,NONE,,,,,,未調査。不存在を意味しない。
M084,I040,NOT_RESEARCHED,0,FALSE,NONE,,,,,,未調査。不存在を意味しない。
M085,I001,MAPPED_INITIAL,1,FALSE,CATEGORY_LEVEL,,,,,,機械抽出。品目別調査と条件枝レビューは未完了。
M085,I002,NOT_RESEARCHED,0,FALSE,NONE,,,,,,未調査。不存在を意味しない。
M085,I003,NOT_RESEARCHED,0,FALSE,NONE,,,,,,未調査。不存在を意味しない。
M085,I004,MAPPED_INITIAL,1,FALSE,CATEGORY_LEVEL,,,,,,機械抽出。品目別調査と条件枝レビューは未完了。
M085,I005,MAPPED_INITIAL,1,FALSE,CATEGORY_LEVEL,,,,,,機械抽出。品目別調査と条件枝レビューは未完了。
M085,I006,NOT_RESEARCHED,0,FALSE,NONE,,,,,,未調査。不存在を意味しない。
M085,I007,NOT_RESEARCHED,0,FALSE,NONE,,,,,,未調査。不存在を意味しない。
M085,I008,NOT_RESEARCHED,0,FALSE,NONE,,,,,,未調査。不存在を意味しない。
M085,I009,NOT_RESEARCHED,0,FALSE,NONE,,,,,,未調査。不存在を意味しない。
M085,I010,NOT_RESEARCHED,0,FALSE,NONE,,,,,,未調査。不存在を意味しない。
M085,I011,NOT_RESEARCHED,0,FALSE,NONE,,,,,,未調査。不存在を意味しない。
M085,I012,NOT_RESEARCHED,0,FALSE,NONE,,,,,,未調査。不存在を意味しない。
M085,I013,NOT_RESEARCHED,0,FALSE,NONE,,,,,,未調査。不存在を意味しない。
M085,I014,NOT_RESEARCHED,0,FALSE,NONE,,,,,,未調査。不存在を意味しない。
M085,I015,NOT_RESEARCHED,0,FALSE,NONE,,,,,,未調査。不存在を意味しない。
M085,I016,NOT_RESEARCHED,0,FALSE,NONE,,,,,,未調査。不存在を意味しない。
M085,I017,NOT_RESEARCHED,0,FALSE,NONE,,,,,,未調査。不存在を意味しない。
M085,I018,NOT_RESEARCHED,0,FALSE,NONE,,,,,,未調査。不存在を意味しない。
M085,I019,NOT_RESEARCHED,0,FALSE,NONE,,,,,,未調査。不存在を意味しない。
M085,I020,NOT_RESEARCHED,0,FALSE,NONE,,,,,,未調査。不存在を意味しない。
M085,I021,NOT_RESEARCHED,0,FALSE,NONE,,,,,,未調査。不存在を意味しない。
M085,I022,NOT_RESEARCHED,0,FALSE,NONE,,,,,,未調査。不存在を意味しない。
M085,I023,NOT_RESEARCHED,0,FALSE,NONE,,,,,,未調査。不存在を意味しない。
M085,I024,NOT_RESEARCHED,0,FALSE,NONE,,,,,,未調査。不存在を意味しない。
M085,I025,NOT_RESEARCHED,0,FALSE,NONE,,,,,,未調査。不存在を意味しない。
M085,I026,NOT_RESEARCHED,0,FALSE,NONE,,,,,,未調査。不存在を意味しない。
M085,I027,NOT_RESEARCHED,0,FALSE,NONE,,,,,,未調査。不存在を意味しない。
M085,I028,NOT_RESEARCHED,0,FALSE,NONE,,,,,,未調査。不存在を意味しない。
M085,I029,NOT_RESEARCHED,0,FALSE,NONE,,,,,,未調査。不存在を意味しない。
M085,I030,MAPPED_INITIAL,1,FALSE,CATEGORY_LEVEL,,,,,,機械抽出。品目別調査と条件枝レビューは未完了。
M085,I031,NOT_RESEARCHED,0,FALSE,NONE,,,,,,未調査。不存在を意味しない。
M085,I032,NOT_RESEARCHED,0,FALSE,NONE,,,,,,未調査。不存在を意味しない。
M085,I033,NOT_RESEARCHED,0,FALSE,NONE,,,,,,未調査。不存在を意味しない。
M085,I034,NOT_RESEARCHED,0,FALSE,NONE,,,,,,未調査。不存在を意味しない。
M085,I035,NOT_RESEARCHED,0,FALSE,NONE,,,,,,未調査。不存在を意味しない。
M085,I036,NOT_RESEARCHED,0,FALSE,NONE,,,,,,未調査。不存在を意味しない。
M085,I037,NOT_RESEARCHED,0,FALSE,NONE,,,,,,未調査。不存在を意味しない。
M085,I038,NOT_RESEARCHED,0,FALSE,NONE,,,,,,未調査。不存在を意味しない。
M085,I039,NOT_RESEARCHED,0,FALSE,NONE,,,,,,未調査。不存在を意味しない。
M085,I040,NOT_RESEARCHED,0,FALSE,NONE,,,,,,未調査。不存在を意味しない。
M087,I001,MAPPED_INITIAL,1,FALSE,CATEGORY_LEVEL,,,,,,機械抽出。品目別調査と条件枝レビューは未完了。
M087,I002,NOT_RESEARCHED,0,FALSE,NONE,,,,,,未調査。不存在を意味しない。
M087,I003,NOT_RESEARCHED,0,FALSE,NONE,,,,,,未調査。不存在を意味しない。
M087,I004,MAPPED_INITIAL,1,FALSE,CATEGORY_LEVEL,,,,,,機械抽出。品目別調査と条件枝レビューは未完了。
M087,I005,MAPPED_INITIAL,1,FALSE,CATEGORY_LEVEL,,,,,,機械抽出。品目別調査と条件枝レビューは未完了。
M087,I006,MAPPED_INITIAL,1,FALSE,CATEGORY_LEVEL,,,,,,機械抽出。品目別調査と条件枝レビューは未完了。
M087,I007,NOT_RESEARCHED,0,FALSE,NONE,,,,,,未調査。不存在を意味しない。
M087,I008,NOT_RESEARCHED,0,FALSE,NONE,,,,,,未調査。不存在を意味しない。
M087,I009,NOT_RESEARCHED,0,FALSE,NONE,,,,,,未調査。不存在を意味しない。
M087,I010,NOT_RESEARCHED,0,FALSE,NONE,,,,,,未調査。不存在を意味しない。
M087,I011,NOT_RESEARCHED,0,FALSE,NONE,,,,,,未調査。不存在を意味しない。
M087,I012,NOT_RESEARCHED,0,FALSE,NONE,,,,,,未調査。不存在を意味しない。
M087,I013,NOT_RESEARCHED,0,FALSE,NONE,,,,,,未調査。不存在を意味しない。
M087,I014,NOT_RESEARCHED,0,FALSE,NONE,,,,,,未調査。不存在を意味しない。
M087,I015,NOT_RESEARCHED,0,FALSE,NONE,,,,,,未調査。不存在を意味しない。
M087,I016,NOT_RESEARCHED,0,FALSE,NONE,,,,,,未調査。不存在を意味しない。
M087,I017,NOT_RESEARCHED,0,FALSE,NONE,,,,,,未調査。不存在を意味しない。
M087,I018,NOT_RESEARCHED,0,FALSE,NONE,,,,,,未調査。不存在を意味しない。
M087,I019,NOT_RESEARCHED,0,FALSE,NONE,,,,,,未調査。不存在を意味しない。
M087,I020,NOT_RESEARCHED,0,FALSE,NONE,,,,,,未調査。不存在を意味しない。
M087,I021,NOT_RESEARCHED,0,FALSE,NONE,,,,,,未調査。不存在を意味しない。
M087,I022,NOT_RESEARCHED,0,FALSE,NONE,,,,,,未調査。不存在を意味しない。
M087,I023,NOT_RESEARCHED,0,FALSE,NONE,,,,,,未調査。不存在を意味しない。
M087,I024,NOT_RESEARCHED,0,FALSE,NONE,,,,,,未調査。不存在を意味しない。
M087,I025,NOT_RESEARCHED,0,FALSE,NONE,,,,,,未調査。不存在を意味しない。
M087,I026,NOT_RESEARCHED,0,FALSE,NONE,,,,,,未調査。不存在を意味しない。
M087,I027,MAPPED_INITIAL,1,FALSE,CATEGORY_LEVEL,,,,,,機械抽出。品目別調査と条件枝レビューは未完了。
M087,I028,NOT_RESEARCHED,0,FALSE,NONE,,,,,,未調査。不存在を意味しない。
M087,I029,NOT_RESEARCHED,0,FALSE,NONE,,,,,,未調査。不存在を意味しない。
M087,I030,MAPPED_INITIAL,1,FALSE,CATEGORY_LEVEL,,,,,,機械抽出。品目別調査と条件枝レビューは未完了。
M087,I031,NOT_RESEARCHED,0,FALSE,NONE,,,,,,未調査。不存在を意味しない。
M087,I032,MAPPED_INITIAL,1,FALSE,CATEGORY_LEVEL,,,,,,機械抽出。品目別調査と条件枝レビューは未完了。
M087,I033,NOT_RESEARCHED,0,FALSE,NONE,,,,,,未調査。不存在を意味しない。
M087,I034,NOT_RESEARCHED,0,FALSE,NONE,,,,,,未調査。不存在を意味しない。
M087,I035,NOT_RESEARCHED,0,FALSE,NONE,,,,,,未調査。不存在を意味しない。
M087,I036,NOT_RESEARCHED,0,FALSE,NONE,,,,,,未調査。不存在を意味しない。
M087,I037,NOT_RESEARCHED,0,FALSE,NONE,,,,,,未調査。不存在を意味しない。
M087,I038,NOT_RESEARCHED,0,FALSE,NONE,,,,,,未調査。不存在を意味しない。
M087,I039,NOT_RESEARCHED,0,FALSE,NONE,,,,,,未調査。不存在を意味しない。
M087,I040,NOT_RESEARCHED,0,FALSE,NONE,,,,,,未調査。不存在を意味しない。
M088,I001,NOT_RESEARCHED,0,FALSE,NONE,,,,,,未調査。不存在を意味しない。
M088,I002,NOT_RESEARCHED,0,FALSE,NONE,,,,,,未調査。不存在を意味しない。
M088,I003,NOT_RESEARCHED,0,FALSE,NONE,,,,,,未調査。不存在を意味しない。
M088,I004,MAPPED_INITIAL,1,FALSE,CATEGORY_LEVEL,,,,,,機械抽出。品目別調査と条件枝レビューは未完了。
M088,I005,MAPPED_INITIAL,1,FALSE,CATEGORY_LEVEL,,,,,,機械抽出。品目別調査と条件枝レビューは未完了。
M088,I006,NOT_RESEARCHED,0,FALSE,NONE,,,,,,未調査。不存在を意味しない。
M088,I007,NOT_RESEARCHED,0,FALSE,NONE,,,,,,未調査。不存在を意味しない。
M088,I008,NOT_RESEARCHED,0,FALSE,NONE,,,,,,未調査。不存在を意味しない。
M088,I009,NOT_RESEARCHED,0,FALSE,NONE,,,,,,未調査。不存在を意味しない。
M088,I010,NOT_RESEARCHED,0,FALSE,NONE,,,,,,未調査。不存在を意味しない。
M088,I011,NOT_RESEARCHED,0,FALSE,NONE,,,,,,未調査。不存在を意味しない。
M088,I012,NOT_RESEARCHED,0,FALSE,NONE,,,,,,未調査。不存在を意味しない。
M088,I013,NOT_RESEARCHED,0,FALSE,NONE,,,,,,未調査。不存在を意味しない。
M088,I014,NOT_RESEARCHED,0,FALSE,NONE,,,,,,未調査。不存在を意味しない。
M088,I015,NOT_RESEARCHED,0,FALSE,NONE,,,,,,未調査。不存在を意味しない。
M088,I016,NOT_RESEARCHED,0,FALSE,NONE,,,,,,未調査。不存在を意味しない。
M088,I017,NOT_RESEARCHED,0,FALSE,NONE,,,,,,未調査。不存在を意味しない。
M088,I018,MAPPED_INITIAL,1,FALSE,CATEGORY_LEVEL,,,,,,機械抽出。品目別調査と条件枝レビューは未完了。
M088,I019,NOT_RESEARCHED,0,FALSE,NONE,,,,,,未調査。不存在を意味しない。
M088,I020,NOT_RESEARCHED,0,FALSE,NONE,,,,,,未調査。不存在を意味しない。
M088,I021,NOT_RESEARCHED,0,FALSE,NONE,,,,,,未調査。不存在を意味しない。
M088,I022,NOT_RESEARCHED,0,FALSE,NONE,,,,,,未調査。不存在を意味しない。
M088,I023,MAPPED_INITIAL,1,FALSE,CATEGORY_LEVEL,,,,,,機械抽出。品目別調査と条件枝レビューは未完了。
M088,I024,NOT_RESEARCHED,0,FALSE,NONE,,,,,,未調査。不存在を意味しない。
M088,I025,NOT_RESEARCHED,0,FALSE,NONE,,,,,,未調査。不存在を意味しない。
M088,I026,MAPPED_INITIAL,1,FALSE,CATEGORY_LEVEL,,,,,,機械抽出。品目別調査と条件枝レビューは未完了。
M088,I027,NOT_RESEARCHED,0,FALSE,NONE,,,,,,未調査。不存在を意味しない。
M088,I028,NOT_RESEARCHED,0,FALSE,NONE,,,,,,未調査。不存在を意味しない。
M088,I029,NOT_RESEARCHED,0,FALSE,NONE,,,,,,未調査。不存在を意味しない。
M088,I030,MAPPED_INITIAL,1,FALSE,CATEGORY_LEVEL,,,,,,機械抽出。品目別調査と条件枝レビューは未完了。
M088,I031,NOT_RESEARCHED,0,FALSE,NONE,,,,,,未調査。不存在を意味しない。
M088,I032,NOT_RESEARCHED,0,FALSE,NONE,,,,,,未調査。不存在を意味しない。
M088,I033,NOT_RESEARCHED,0,FALSE,NONE,,,,,,未調査。不存在を意味しない。
M088,I034,MAPPED_INITIAL,1,FALSE,CATEGORY_LEVEL,,,,,,機械抽出。品目別調査と条件枝レビューは未完了。
M088,I035,NOT_RESEARCHED,0,FALSE,NONE,,,,,,未調査。不存在を意味しない。
M088,I036,NOT_RESEARCHED,0,FALSE,NONE,,,,,,未調査。不存在を意味しない。
M088,I037,NOT_RESEARCHED,0,FALSE,NONE,,,,,,未調査。不存在を意味しない。
M088,I038,NOT_RESEARCHED,0,FALSE,NONE,,,,,,未調査。不存在を意味しない。
M088,I039,NOT_RESEARCHED,0,FALSE,NONE,,,,,,未調査。不存在を意味しない。
M088,I040,NOT_RESEARCHED,0,FALSE,NONE,,,,,,未調査。不存在を意味しない。
M089,I001,NOT_RESEARCHED,0,FALSE,NONE,,,,,,未調査。不存在を意味しない。
M089,I002,NOT_RESEARCHED,0,FALSE,NONE,,,,,,未調査。不存在を意味しない。
M089,I003,NOT_RESEARCHED,0,FALSE,NONE,,,,,,未調査。不存在を意味しない。
M089,I004,NOT_RESEARCHED,0,FALSE,NONE,,,,,,未調査。不存在を意味しない。
M089,I005,NOT_RESEARCHED,0,FALSE,NONE,,,,,,未調査。不存在を意味しない。
M089,I006,NOT_RESEARCHED,0,FALSE,NONE,,,,,,未調査。不存在を意味しない。
M089,I007,NOT_RESEARCHED,0,FALSE,NONE,,,,,,未調査。不存在を意味しない。
M089,I008,NOT_RESEARCHED,0,FALSE,NONE,,,,,,未調査。不存在を意味しない。
M089,I009,NOT_RESEARCHED,0,FALSE,NONE,,,,,,未調査。不存在を意味しない。
M089,I010,NOT_RESEARCHED,0,FALSE,NONE,,,,,,未調査。不存在を意味しない。
M089,I011,NOT_RESEARCHED,0,FALSE,NONE,,,,,,未調査。不存在を意味しない。
M089,I012,NOT_RESEARCHED,0,FALSE,NONE,,,,,,未調査。不存在を意味しない。
M089,I013,NOT_RESEARCHED,0,FALSE,NONE,,,,,,未調査。不存在を意味しない。
M089,I014,NOT_RESEARCHED,0,FALSE,NONE,,,,,,未調査。不存在を意味しない。
M089,I015,NOT_RESEARCHED,0,FALSE,NONE,,,,,,未調査。不存在を意味しない。
M089,I016,NOT_RESEARCHED,0,FALSE,NONE,,,,,,未調査。不存在を意味しない。
M089,I017,NOT_RESEARCHED,0,FALSE,NONE,,,,,,未調査。不存在を意味しない。
M089,I018,NOT_RESEARCHED,0,FALSE,NONE,,,,,,未調査。不存在を意味しない。
M089,I019,NOT_RESEARCHED,0,FALSE,NONE,,,,,,未調査。不存在を意味しない。
M089,I020,NOT_RESEARCHED,0,FALSE,NONE,,,,,,未調査。不存在を意味しない。
M089,I021,NOT_RESEARCHED,0,FALSE,NONE,,,,,,未調査。不存在を意味しない。
M089,I022,NOT_RESEARCHED,0,FALSE,NONE,,,,,,未調査。不存在を意味しない。
M089,I023,NOT_RESEARCHED,0,FALSE,NONE,,,,,,未調査。不存在を意味しない。
M089,I024,NOT_RESEARCHED,0,FALSE,NONE,,,,,,未調査。不存在を意味しない。
M089,I025,NOT_RESEARCHED,0,FALSE,NONE,,,,,,未調査。不存在を意味しない。
M089,I026,NOT_RESEARCHED,0,FALSE,NONE,,,,,,未調査。不存在を意味しない。
M089,I027,NOT_RESEARCHED,0,FALSE,NONE,,,,,,未調査。不存在を意味しない。
M089,I028,NOT_RESEARCHED,0,FALSE,NONE,,,,,,未調査。不存在を意味しない。
M089,I029,NOT_RESEARCHED,0,FALSE,NONE,,,,,,未調査。不存在を意味しない。
M089,I030,NOT_RESEARCHED,0,FALSE,NONE,,,,,,未調査。不存在を意味しない。
M089,I031,NOT_RESEARCHED,0,FALSE,NONE,,,,,,未調査。不存在を意味しない。
M089,I032,NOT_RESEARCHED,0,FALSE,NONE,,,,,,未調査。不存在を意味しない。
M089,I033,NOT_RESEARCHED,0,FALSE,NONE,,,,,,未調査。不存在を意味しない。
M089,I034,NOT_RESEARCHED,0,FALSE,NONE,,,,,,未調査。不存在を意味しない。
M089,I035,NOT_RESEARCHED,0,FALSE,NONE,,,,,,未調査。不存在を意味しない。
M089,I036,NOT_RESEARCHED,0,FALSE,NONE,,,,,,未調査。不存在を意味しない。
M089,I037,NOT_RESEARCHED,0,FALSE,NONE,,,,,,未調査。不存在を意味しない。
M089,I038,NOT_RESEARCHED,0,FALSE,NONE,,,,,,未調査。不存在を意味しない。
M089,I039,NOT_RESEARCHED,0,FALSE,NONE,,,,,,未調査。不存在を意味しない。
M089,I040,NOT_RESEARCHED,0,FALSE,NONE,,,,,,未調査。不存在を意味しない。
M090,I001,NOT_RESEARCHED,0,FALSE,NONE,,,,,,未調査。不存在を意味しない。
M090,I002,NOT_RESEARCHED,0,FALSE,NONE,,,,,,未調査。不存在を意味しない。
M090,I003,NOT_RESEARCHED,0,FALSE,NONE,,,,,,未調査。不存在を意味しない。
M090,I004,NOT_RESEARCHED,0,FALSE,NONE,,,,,,未調査。不存在を意味しない。
M090,I005,NOT_RESEARCHED,0,FALSE,NONE,,,,,,未調査。不存在を意味しない。
M090,I006,MAPPED_INITIAL,1,FALSE,CATEGORY_LEVEL,,,,,,機械抽出。品目別調査と条件枝レビューは未完了。
M090,I007,NOT_RESEARCHED,0,FALSE,NONE,,,,,,未調査。不存在を意味しない。
M090,I008,NOT_RESEARCHED,0,FALSE,NONE,,,,,,未調査。不存在を意味しない。
M090,I009,NOT_RESEARCHED,0,FALSE,NONE,,,,,,未調査。不存在を意味しない。
M090,I010,NOT_RESEARCHED,0,FALSE,NONE,,,,,,未調査。不存在を意味しない。
M090,I011,NOT_RESEARCHED,0,FALSE,NONE,,,,,,未調査。不存在を意味しない。
M090,I012,MAPPED_INITIAL,1,FALSE,CATEGORY_LEVEL,,,,,,機械抽出。品目別調査と条件枝レビューは未完了。
M090,I013,NOT_RESEARCHED,0,FALSE,NONE,,,,,,未調査。不存在を意味しない。
M090,I014,NOT_RESEARCHED,0,FALSE,NONE,,,,,,未調査。不存在を意味しない。
M090,I015,NOT_RESEARCHED,0,FALSE,NONE,,,,,,未調査。不存在を意味しない。
M090,I016,NOT_RESEARCHED,0,FALSE,NONE,,,,,,未調査。不存在を意味しない。
M090,I017,NOT_RESEARCHED,0,FALSE,NONE,,,,,,未調査。不存在を意味しない。
M090,I018,NOT_RESEARCHED,0,FALSE,NONE,,,,,,未調査。不存在を意味しない。
M090,I019,NOT_RESEARCHED,0,FALSE,NONE,,,,,,未調査。不存在を意味しない。
M090,I020,NOT_RESEARCHED,0,FALSE,NONE,,,,,,未調査。不存在を意味しない。
M090,I021,NOT_RESEARCHED,0,FALSE,NONE,,,,,,未調査。不存在を意味しない。
M090,I022,NOT_RESEARCHED,0,FALSE,NONE,,,,,,未調査。不存在を意味しない。
M090,I023,NOT_RESEARCHED,0,FALSE,NONE,,,,,,未調査。不存在を意味しない。
M090,I024,NOT_RESEARCHED,0,FALSE,NONE,,,,,,未調査。不存在を意味しない。
M090,I025,NOT_RESEARCHED,0,FALSE,NONE,,,,,,未調査。不存在を意味しない。
M090,I026,MAPPED_INITIAL,1,FALSE,CATEGORY_LEVEL,,,,,,機械抽出。品目別調査と条件枝レビューは未完了。
M090,I027,MAPPED_INITIAL,1,FALSE,CATEGORY_LEVEL,,,,,,機械抽出。品目別調査と条件枝レビューは未完了。
M090,I028,NOT_RESEARCHED,0,FALSE,NONE,,,,,,未調査。不存在を意味しない。
M090,I029,NOT_RESEARCHED,0,FALSE,NONE,,,,,,未調査。不存在を意味しない。
M090,I030,MAPPED_INITIAL,1,FALSE,CATEGORY_LEVEL,,,,,,機械抽出。品目別調査と条件枝レビューは未完了。
M090,I031,NOT_RESEARCHED,0,FALSE,NONE,,,,,,未調査。不存在を意味しない。
M090,I032,MAPPED_INITIAL,1,FALSE,CATEGORY_LEVEL,,,,,,機械抽出。品目別調査と条件枝レビューは未完了。
M090,I033,MAPPED_INITIAL,1,FALSE,CATEGORY_LEVEL,,,,,,機械抽出。品目別調査と条件枝レビューは未完了。
M090,I034,NOT_RESEARCHED,0,FALSE,NONE,,,,,,未調査。不存在を意味しない。
M090,I035,NOT_RESEARCHED,0,FALSE,NONE,,,,,,未調査。不存在を意味しない。
M090,I036,NOT_RESEARCHED,0,FALSE,NONE,,,,,,未調査。不存在を意味しない。
M090,I037,NOT_RESEARCHED,0,FALSE,NONE,,,,,,未調査。不存在を意味しない。
M090,I038,NOT_RESEARCHED,0,FALSE,NONE,,,,,,未調査。不存在を意味しない。
M090,I039,NOT_RESEARCHED,0,FALSE,NONE,,,,,,未調査。不存在を意味しない。
M090,I040,NOT_RESEARCHED,0,FALSE,NONE,,,,,,未調査。不存在を意味しない。
M091,I001,MAPPED_INITIAL,1,FALSE,CATEGORY_LEVEL,,,,,,機械抽出。品目別調査と条件枝レビューは未完了。
M091,I002,NOT_RESEARCHED,0,FALSE,NONE,,,,,,未調査。不存在を意味しない。
M091,I003,NOT_RESEARCHED,0,FALSE,NONE,,,,,,未調査。不存在を意味しない。
M091,I004,MAPPED_INITIAL,1,FALSE,CATEGORY_LEVEL,,,,,,機械抽出。品目別調査と条件枝レビューは未完了。
M091,I005,MAPPED_INITIAL,1,FALSE,CATEGORY_LEVEL,,,,,,機械抽出。品目別調査と条件枝レビューは未完了。
M091,I006,MAPPED_INITIAL,3,FALSE,CATEGORY_LEVEL,,,,,,機械抽出。品目別調査と条件枝レビューは未完了。
M091,I007,NOT_RESEARCHED,0,FALSE,NONE,,,,,,未調査。不存在を意味しない。
M091,I008,NOT_RESEARCHED,0,FALSE,NONE,,,,,,未調査。不存在を意味しない。
M091,I009,NOT_RESEARCHED,0,FALSE,NONE,,,,,,未調査。不存在を意味しない。
M091,I010,NOT_RESEARCHED,0,FALSE,NONE,,,,,,未調査。不存在を意味しない。
M091,I011,NOT_RESEARCHED,0,FALSE,NONE,,,,,,未調査。不存在を意味しない。
M091,I012,NOT_RESEARCHED,0,FALSE,NONE,,,,,,未調査。不存在を意味しない。
M091,I013,MAPPED_INITIAL,1,FALSE,CATEGORY_LEVEL,,,,,,機械抽出。品目別調査と条件枝レビューは未完了。
M091,I014,MAPPED_INITIAL,1,FALSE,CATEGORY_LEVEL,,,,,,機械抽出。品目別調査と条件枝レビューは未完了。
M091,I015,MAPPED_INITIAL,1,FALSE,CATEGORY_LEVEL,,,,,,機械抽出。品目別調査と条件枝レビューは未完了。
M091,I016,NOT_RESEARCHED,0,FALSE,NONE,,,,,,未調査。不存在を意味しない。
M091,I017,MAPPED_INITIAL,1,FALSE,CATEGORY_LEVEL,,,,,,機械抽出。品目別調査と条件枝レビューは未完了。
M091,I018,MAPPED_INITIAL,1,FALSE,CATEGORY_LEVEL,,,,,,機械抽出。品目別調査と条件枝レビューは未完了。
M091,I019,NOT_RESEARCHED,0,FALSE,NONE,,,,,,未調査。不存在を意味しない。
M091,I020,NOT_RESEARCHED,0,FALSE,NONE,,,,,,未調査。不存在を意味しない。
M091,I021,NOT_RESEARCHED,0,FALSE,NONE,,,,,,未調査。不存在を意味しない。
M091,I022,NOT_RESEARCHED,0,FALSE,NONE,,,,,,未調査。不存在を意味しない。
M091,I023,MAPPED_INITIAL,1,FALSE,CATEGORY_LEVEL,,,,,,機械抽出。品目別調査と条件枝レビューは未完了。
M091,I024,NOT_RESEARCHED,0,FALSE,NONE,,,,,,未調査。不存在を意味しない。
M091,I025,NOT_RESEARCHED,0,FALSE,NONE,,,,,,未調査。不存在を意味しない。
M091,I026,NOT_RESEARCHED,0,FALSE,NONE,,,,,,未調査。不存在を意味しない。
M091,I027,MAPPED_INITIAL,1,FALSE,CATEGORY_LEVEL,,,,,,機械抽出。品目別調査と条件枝レビューは未完了。
M091,I028,MAPPED_INITIAL,1,FALSE,CATEGORY_LEVEL,,,,,,機械抽出。品目別調査と条件枝レビューは未完了。
M091,I029,NOT_RESEARCHED,0,FALSE,NONE,,,,,,未調査。不存在を意味しない。
M091,I030,MAPPED_INITIAL,1,FALSE,CATEGORY_LEVEL,,,,,,機械抽出。品目別調査と条件枝レビューは未完了。
M091,I031,MAPPED_INITIAL,1,FALSE,CATEGORY_LEVEL,,,,,,機械抽出。品目別調査と条件枝レビューは未完了。
M091,I032,MAPPED_INITIAL,1,FALSE,CATEGORY_LEVEL,,,,,,機械抽出。品目別調査と条件枝レビューは未完了。
M091,I033,NOT_RESEARCHED,0,FALSE,NONE,,,,,,未調査。不存在を意味しない。
M091,I034,MAPPED_INITIAL,1,FALSE,CATEGORY_LEVEL,,,,,,機械抽出。品目別調査と条件枝レビューは未完了。
M091,I035,NOT_RESEARCHED,0,FALSE,NONE,,,,,,未調査。不存在を意味しない。
M091,I036,NOT_RESEARCHED,0,FALSE,NONE,,,,,,未調査。不存在を意味しない。
M091,I037,NOT_RESEARCHED,0,FALSE,NONE,,,,,,未調査。不存在を意味しない。
M091,I038,NOT_RESEARCHED,0,FALSE,NONE,,,,,,未調査。不存在を意味しない。
M091,I039,NOT_RESEARCHED,0,FALSE,NONE,,,,,,未調査。不存在を意味しない。
M091,I040,NOT_RESEARCHED,0,FALSE,NONE,,,,,,未調査。不存在を意味しない。
M092,I001,NOT_RESEARCHED,0,FALSE,NONE,,,,,,未調査。不存在を意味しない。
M092,I002,NOT_RESEARCHED,0,FALSE,NONE,,,,,,未調査。不存在を意味しない。
M092,I003,NOT_RESEARCHED,0,FALSE,NONE,,,,,,未調査。不存在を意味しない。
M092,I004,NOT_RESEARCHED,0,FALSE,NONE,,,,,,未調査。不存在を意味しない。
M092,I005,NOT_RESEARCHED,0,FALSE,NONE,,,,,,未調査。不存在を意味しない。
M092,I006,NOT_RESEARCHED,0,FALSE,NONE,,,,,,未調査。不存在を意味しない。
M092,I007,NOT_RESEARCHED,0,FALSE,NONE,,,,,,未調査。不存在を意味しない。
M092,I008,NOT_RESEARCHED,0,FALSE,NONE,,,,,,未調査。不存在を意味しない。
M092,I009,NOT_RESEARCHED,0,FALSE,NONE,,,,,,未調査。不存在を意味しない。
M092,I010,NOT_RESEARCHED,0,FALSE,NONE,,,,,,未調査。不存在を意味しない。
M092,I011,NOT_RESEARCHED,0,FALSE,NONE,,,,,,未調査。不存在を意味しない。
M092,I012,NOT_RESEARCHED,0,FALSE,NONE,,,,,,未調査。不存在を意味しない。
M092,I013,NOT_RESEARCHED,0,FALSE,NONE,,,,,,未調査。不存在を意味しない。
M092,I014,NOT_RESEARCHED,0,FALSE,NONE,,,,,,未調査。不存在を意味しない。
M092,I015,NOT_RESEARCHED,0,FALSE,NONE,,,,,,未調査。不存在を意味しない。
M092,I016,NOT_RESEARCHED,0,FALSE,NONE,,,,,,未調査。不存在を意味しない。
M092,I017,NOT_RESEARCHED,0,FALSE,NONE,,,,,,未調査。不存在を意味しない。
M092,I018,NOT_RESEARCHED,0,FALSE,NONE,,,,,,未調査。不存在を意味しない。
M092,I019,NOT_RESEARCHED,0,FALSE,NONE,,,,,,未調査。不存在を意味しない。
M092,I020,NOT_RESEARCHED,0,FALSE,NONE,,,,,,未調査。不存在を意味しない。
M092,I021,NOT_RESEARCHED,0,FALSE,NONE,,,,,,未調査。不存在を意味しない。
M092,I022,NOT_RESEARCHED,0,FALSE,NONE,,,,,,未調査。不存在を意味しない。
M092,I023,NOT_RESEARCHED,0,FALSE,NONE,,,,,,未調査。不存在を意味しない。
M092,I024,NOT_RESEARCHED,0,FALSE,NONE,,,,,,未調査。不存在を意味しない。
M092,I025,NOT_RESEARCHED,0,FALSE,NONE,,,,,,未調査。不存在を意味しない。
M092,I026,NOT_RESEARCHED,0,FALSE,NONE,,,,,,未調査。不存在を意味しない。
M092,I027,MAPPED_INITIAL,1,FALSE,CATEGORY_LEVEL,,,,,,機械抽出。品目別調査と条件枝レビューは未完了。
M092,I028,NOT_RESEARCHED,0,FALSE,NONE,,,,,,未調査。不存在を意味しない。
M092,I029,NOT_RESEARCHED,0,FALSE,NONE,,,,,,未調査。不存在を意味しない。
M092,I030,NOT_RESEARCHED,0,FALSE,NONE,,,,,,未調査。不存在を意味しない。
M092,I031,NOT_RESEARCHED,0,FALSE,NONE,,,,,,未調査。不存在を意味しない。
M092,I032,NOT_RESEARCHED,0,FALSE,NONE,,,,,,未調査。不存在を意味しない。
M092,I033,NOT_RESEARCHED,0,FALSE,NONE,,,,,,未調査。不存在を意味しない。
M092,I034,NOT_RESEARCHED,0,FALSE,NONE,,,,,,未調査。不存在を意味しない。
M092,I035,NOT_RESEARCHED,0,FALSE,NONE,,,,,,未調査。不存在を意味しない。
M092,I036,NOT_RESEARCHED,0,FALSE,NONE,,,,,,未調査。不存在を意味しない。
M092,I037,NOT_RESEARCHED,0,FALSE,NONE,,,,,,未調査。不存在を意味しない。
M092,I038,NOT_RESEARCHED,0,FALSE,NONE,,,,,,未調査。不存在を意味しない。
M092,I039,NOT_RESEARCHED,0,FALSE,NONE,,,,,,未調査。不存在を意味しない。
M092,I040,NOT_RESEARCHED,0,FALSE,NONE,,,,,,未調査。不存在を意味しない。
M093,I001,MAPPED_INITIAL,1,FALSE,CATEGORY_LEVEL,,,,,,機械抽出。品目別調査と条件枝レビューは未完了。
M093,I002,NOT_RESEARCHED,0,FALSE,NONE,,,,,,未調査。不存在を意味しない。
M093,I003,NOT_RESEARCHED,0,FALSE,NONE,,,,,,未調査。不存在を意味しない。
M093,I004,NOT_RESEARCHED,0,FALSE,NONE,,,,,,未調査。不存在を意味しない。
M093,I005,NOT_RESEARCHED,0,FALSE,NONE,,,,,,未調査。不存在を意味しない。
M093,I006,MAPPED_INITIAL,1,FALSE,CATEGORY_LEVEL,,,,,,機械抽出。品目別調査と条件枝レビューは未完了。
M093,I007,NOT_RESEARCHED,0,FALSE,NONE,,,,,,未調査。不存在を意味しない。
M093,I008,NOT_RESEARCHED,0,FALSE,NONE,,,,,,未調査。不存在を意味しない。
M093,I009,NOT_RESEARCHED,0,FALSE,NONE,,,,,,未調査。不存在を意味しない。
M093,I010,NOT_RESEARCHED,0,FALSE,NONE,,,,,,未調査。不存在を意味しない。
M093,I011,NOT_RESEARCHED,0,FALSE,NONE,,,,,,未調査。不存在を意味しない。
M093,I012,NOT_RESEARCHED,0,FALSE,NONE,,,,,,未調査。不存在を意味しない。
M093,I013,MAPPED_INITIAL,1,FALSE,CATEGORY_LEVEL,,,,,,機械抽出。品目別調査と条件枝レビューは未完了。
M093,I014,MAPPED_INITIAL,1,FALSE,CATEGORY_LEVEL,,,,,,機械抽出。品目別調査と条件枝レビューは未完了。
M093,I015,MAPPED_INITIAL,1,FALSE,CATEGORY_LEVEL,,,,,,機械抽出。品目別調査と条件枝レビューは未完了。
M093,I016,NOT_RESEARCHED,0,FALSE,NONE,,,,,,未調査。不存在を意味しない。
M093,I017,MAPPED_INITIAL,1,FALSE,CATEGORY_LEVEL,,,,,,機械抽出。品目別調査と条件枝レビューは未完了。
M093,I018,NOT_RESEARCHED,0,FALSE,NONE,,,,,,未調査。不存在を意味しない。
M093,I019,NOT_RESEARCHED,0,FALSE,NONE,,,,,,未調査。不存在を意味しない。
M093,I020,NOT_RESEARCHED,0,FALSE,NONE,,,,,,未調査。不存在を意味しない。
M093,I021,NOT_RESEARCHED,0,FALSE,NONE,,,,,,未調査。不存在を意味しない。
M093,I022,NOT_RESEARCHED,0,FALSE,NONE,,,,,,未調査。不存在を意味しない。
M093,I023,NOT_RESEARCHED,0,FALSE,NONE,,,,,,未調査。不存在を意味しない。
M093,I024,NOT_RESEARCHED,0,FALSE,NONE,,,,,,未調査。不存在を意味しない。
M093,I025,NOT_RESEARCHED,0,FALSE,NONE,,,,,,未調査。不存在を意味しない。
M093,I026,NOT_RESEARCHED,0,FALSE,NONE,,,,,,未調査。不存在を意味しない。
M093,I027,NOT_RESEARCHED,0,FALSE,NONE,,,,,,未調査。不存在を意味しない。
M093,I028,NOT_RESEARCHED,0,FALSE,NONE,,,,,,未調査。不存在を意味しない。
M093,I029,NOT_RESEARCHED,0,FALSE,NONE,,,,,,未調査。不存在を意味しない。
M093,I030,MAPPED_INITIAL,1,FALSE,CATEGORY_LEVEL,,,,,,機械抽出。品目別調査と条件枝レビューは未完了。
M093,I031,NOT_RESEARCHED,0,FALSE,NONE,,,,,,未調査。不存在を意味しない。
M093,I032,NOT_RESEARCHED,0,FALSE,NONE,,,,,,未調査。不存在を意味しない。
M093,I033,NOT_RESEARCHED,0,FALSE,NONE,,,,,,未調査。不存在を意味しない。
M093,I034,NOT_RESEARCHED,0,FALSE,NONE,,,,,,未調査。不存在を意味しない。
M093,I035,NOT_RESEARCHED,0,FALSE,NONE,,,,,,未調査。不存在を意味しない。
M093,I036,NOT_RESEARCHED,0,FALSE,NONE,,,,,,未調査。不存在を意味しない。
M093,I037,NOT_RESEARCHED,0,FALSE,NONE,,,,,,未調査。不存在を意味しない。
M093,I038,NOT_RESEARCHED,0,FALSE,NONE,,,,,,未調査。不存在を意味しない。
M093,I039,NOT_RESEARCHED,0,FALSE,NONE,,,,,,未調査。不存在を意味しない。
M093,I040,NOT_RESEARCHED,0,FALSE,NONE,,,,,,未調査。不存在を意味しない。
