mapping_id,municipality_id,internal_item_id,branch_order,自治体での品目表記,category_id,分別区分正式名称,条件,前処理,例外分別先,自治体収集外,rule_status,effective_from,effective_to,source_id,出典URL,出典ページ・該当箇所,確認日,mapping_status,evidence_scope,branch_review_status,reviewed_date,reviewed_by,備考
MAP-M002-I001-01,M002,I001,1,既存category代表品目から抽出,C-M002-13,ペットボトル,要品目別確認,キャップとラベルを外しすすぐ,燃えるごみ,FALSE,CURRENT,,,S-M002-01,https://www.city.oshu.iwate.jp/soshiki/5/1051/2/3/316.html,ペットボトル,2026-08-17,INITIAL_REVIEW_REQUIRED,CATEGORY_LEVEL,UNREVIEWED,,,区分レベルデータから機械抽出。品目別公式根拠と条件枝の確認前はAPP_READYにしない。
MAP-M002-I002-01,M002,I002,1,既存category代表品目から抽出,C-M002-15,その他プラスチック,容器包装で汚れが落ちる,中をすすぐ・袋から出す,燃えるごみ,FALSE,CURRENT,,,S-M002-01,https://www.city.oshu.iwate.jp/soshiki/5/1051/2/3/316.html,その他プラスチック,2026-08-17,INITIAL_REVIEW_REQUIRED,CATEGORY_LEVEL,UNREVIEWED,,,区分レベルデータから機械抽出。品目別公式根拠と条件枝の確認前はAPP_READYにしない。
MAP-M002-I003-01,M002,I003,1,既存category代表品目から抽出,C-M002-15,その他プラスチック,容器包装で汚れが落ちる,中をすすぐ・袋から出す,燃えるごみ,FALSE,CURRENT,,,S-M002-01,https://www.city.oshu.iwate.jp/soshiki/5/1051/2/3/316.html,その他プラスチック,2026-08-17,INITIAL_REVIEW_REQUIRED,CATEGORY_LEVEL,UNREVIEWED,,,区分レベルデータから機械抽出。品目別公式根拠と条件枝の確認前はAPP_READYにしない。
MAP-M002-I004-01,M002,I004,1,既存category代表品目から抽出,C-M002-08,アルミ缶,要品目別確認,洗ってつぶさない,燃えないごみ,FALSE,CURRENT,,,S-M002-01,https://www.city.oshu.iwate.jp/soshiki/5/1051/2/3/316.html,アルミ缶,2026-08-17,INITIAL_REVIEW_REQUIRED,CATEGORY_LEVEL,UNREVIEWED,,,区分レベルデータから機械抽出。品目別公式根拠と条件枝の確認前はAPP_READYにしない。
MAP-M002-I005-01,M002,I005,1,既存category代表品目から抽出,C-M002-09,スチール缶,要品目別確認,洗ってつぶさない,燃えないごみ,FALSE,CURRENT,,,S-M002-01,https://www.city.oshu.iwate.jp/soshiki/5/1051/2/3/316.html,スチール缶,2026-08-17,INITIAL_REVIEW_REQUIRED,CATEGORY_LEVEL,UNREVIEWED,,,区分レベルデータから機械抽出。品目別公式根拠と条件枝の確認前はAPP_READYにしない。
MAP-M002-I007-01,M002,I007,1,既存category代表品目から抽出,C-M002-14,白色トレイ,要品目別確認,洗って乾かす,その他プラスチックまたは燃えるごみ,FALSE,CURRENT,,,S-M002-01,https://www.city.oshu.iwate.jp/soshiki/5/1051/2/3/316.html,白色トレイ,2026-08-17,INITIAL_REVIEW_REQUIRED,CATEGORY_LEVEL,UNREVIEWED,,,区分レベルデータから機械抽出。品目別公式根拠と条件枝の確認前はAPP_READYにしない。
MAP-M002-I008-01,M002,I008,1,既存category代表品目から抽出,C-M002-15,その他プラスチック,容器包装で汚れが落ちる,中をすすぐ・袋から出す,燃えるごみ,FALSE,CURRENT,,,S-M002-01,https://www.city.oshu.iwate.jp/soshiki/5/1051/2/3/316.html,その他プラスチック,2026-08-17,INITIAL_REVIEW_REQUIRED,CATEGORY_LEVEL,UNREVIEWED,,,区分レベルデータから機械抽出。品目別公式根拠と条件枝の確認前はAPP_READYにしない。
MAP-M002-I013-01,M002,I013,1,既存category代表品目から抽出,C-M002-03,新聞紙,要品目別確認,種類別にひもで結ぶ,燃えるごみ,FALSE,CURRENT,,,S-M002-01,https://www.city.oshu.iwate.jp/soshiki/5/1051/2/3/316.html,新聞紙,2026-08-17,INITIAL_REVIEW_REQUIRED,CATEGORY_LEVEL,UNREVIEWED,,,区分レベルデータから機械抽出。品目別公式根拠と条件枝の確認前はAPP_READYにしない。
MAP-M002-I014-01,M002,I014,1,既存category代表品目から抽出,C-M002-05,ダンボール類,要品目別確認,たたんでひもで結ぶ,燃えるごみ,FALSE,CURRENT,,,S-M002-01,https://www.city.oshu.iwate.jp/soshiki/5/1051/2/3/316.html,ダンボール類,2026-08-17,INITIAL_REVIEW_REQUIRED,CATEGORY_LEVEL,UNREVIEWED,,,区分レベルデータから機械抽出。品目別公式根拠と条件枝の確認前はAPP_READYにしない。
MAP-M002-I015-01,M002,I015,1,既存category代表品目から抽出,C-M002-04,雑誌類,要品目別確認,ひもで結ぶ,燃えるごみ,FALSE,CURRENT,,,S-M002-01,https://www.city.oshu.iwate.jp/soshiki/5/1051/2/3/316.html,雑誌類,2026-08-17,INITIAL_REVIEW_REQUIRED,CATEGORY_LEVEL,UNREVIEWED,,,区分レベルデータから機械抽出。品目別公式根拠と条件枝の確認前はAPP_READYにしない。
MAP-M002-I016-01,M002,I016,1,既存category代表品目から抽出,C-M002-07,その他紙,要品目別確認,紙袋またはひもでまとめる,燃えるごみ,FALSE,CURRENT,,,S-M002-01,https://www.city.oshu.iwate.jp/soshiki/5/1051/2/3/316.html,その他紙,2026-08-17,INITIAL_REVIEW_REQUIRED,CATEGORY_LEVEL,UNREVIEWED,,,区分レベルデータから機械抽出。品目別公式根拠と条件枝の確認前はAPP_READYにしない。
MAP-M002-I017-01,M002,I017,1,既存category代表品目から抽出,C-M002-06,紙パック,要品目別確認,洗って開いて乾かし結ぶ,燃えるごみ,FALSE,CURRENT,,,S-M002-01,https://www.city.oshu.iwate.jp/soshiki/5/1051/2/3/316.html,紙パック,2026-08-17,INITIAL_REVIEW_REQUIRED,CATEGORY_LEVEL,UNREVIEWED,,,区分レベルデータから機械抽出。品目別公式根拠と条件枝の確認前はAPP_READYにしない。
MAP-M002-I018-01,M002,I018,1,既存category代表品目から抽出,C-M002-01,燃えるごみ,要品目別確認,生ごみは水切り・枝は50cm以下に束ねる,該当する資源区分,FALSE,CURRENT,,,S-M002-01,https://www.city.oshu.iwate.jp/soshiki/5/1051/2/3/316.html,燃えるごみ,2026-08-17,INITIAL_REVIEW_REQUIRED,CATEGORY_LEVEL,UNREVIEWED,,,区分レベルデータから機械抽出。品目別公式根拠と条件枝の確認前はAPP_READYにしない。
MAP-M002-I026-01,M002,I026,1,既存category代表品目から抽出,C-M002-02,燃えないごみ,要品目別確認,刃物や割れ物を包み危険表示・家電コードを切る,各専用区分,FALSE,CURRENT,,,S-M002-01,https://www.city.oshu.iwate.jp/soshiki/5/1051/2/3/316.html,燃えないごみ,2026-08-17,INITIAL_REVIEW_REQUIRED,CATEGORY_LEVEL,UNREVIEWED,,,区分レベルデータから機械抽出。品目別公式根拠と条件枝の確認前はAPP_READYにしない。
MAP-M002-I027-01,M002,I027,1,既存category代表品目から抽出,C-M002-17,電池類・蛍光管,要品目別確認,蛍光管を保護・電池は絶縁,燃えないごみ等,FALSE,CURRENT,,,S-M002-03,https://www.city.oshu.iwate.jp/soshiki/5/1051/2/3/1280.html,電池類・蛍光管,2026-08-17,INITIAL_REVIEW_REQUIRED,CATEGORY_LEVEL,UNREVIEWED,,,区分レベルデータから機械抽出。品目別公式根拠と条件枝の確認前はAPP_READYにしない。
MAP-M002-I029-01,M002,I029,1,既存category代表品目から抽出,C-M002-18,小型充電式電池,要品目別確認,端子を絶縁,販売店等,FALSE,CURRENT,,,S-M002-04,https://www.city.oshu.iwate.jp/soshiki/5/1051/2/2/13684.html,小型充電式電池,2026-08-17,INITIAL_REVIEW_REQUIRED,CATEGORY_LEVEL,UNREVIEWED,,,区分レベルデータから機械抽出。品目別公式根拠と条件枝の確認前はAPP_READYにしない。
MAP-M002-I030-01,M002,I030,1,既存category代表品目から抽出,C-M002-17,電池類・蛍光管,要品目別確認,蛍光管を保護・電池は絶縁,燃えないごみ等,FALSE,CURRENT,,,S-M002-03,https://www.city.oshu.iwate.jp/soshiki/5/1051/2/3/1280.html,電池類・蛍光管,2026-08-17,INITIAL_REVIEW_REQUIRED,CATEGORY_LEVEL,UNREVIEWED,,,区分レベルデータから機械抽出。品目別公式根拠と条件枝の確認前はAPP_READYにしない。
MAP-M002-I031-01,M002,I031,1,既存category代表品目から抽出,C-M002-17,電池類・蛍光管,要品目別確認,蛍光管を保護・電池は絶縁,燃えないごみ等,FALSE,CURRENT,,,S-M002-03,https://www.city.oshu.iwate.jp/soshiki/5/1051/2/3/1280.html,電池類・蛍光管,2026-08-17,INITIAL_REVIEW_REQUIRED,CATEGORY_LEVEL,UNREVIEWED,,,区分レベルデータから機械抽出。品目別公式根拠と条件枝の確認前はAPP_READYにしない。
MAP-M002-I032-01,M002,I032,1,既存category代表品目から抽出,C-M002-08,アルミ缶,要品目別確認,洗ってつぶさない,燃えないごみ,FALSE,CURRENT,,,S-M002-01,https://www.city.oshu.iwate.jp/soshiki/5/1051/2/3/316.html,アルミ缶,2026-08-17,INITIAL_REVIEW_REQUIRED,CATEGORY_LEVEL,UNREVIEWED,,,区分レベルデータから機械抽出。品目別公式根拠と条件枝の確認前はAPP_READYにしない。
MAP-M002-I032-02,M002,I032,2,既存category代表品目から抽出,C-M002-09,スチール缶,要品目別確認,洗ってつぶさない,燃えないごみ,FALSE,CURRENT,,,S-M002-01,https://www.city.oshu.iwate.jp/soshiki/5/1051/2/3/316.html,スチール缶,2026-08-17,INITIAL_REVIEW_REQUIRED,CATEGORY_LEVEL,UNREVIEWED,,,区分レベルデータから機械抽出。品目別公式根拠と条件枝の確認前はAPP_READYにしない。
MAP-M002-I034-01,M002,I034,1,既存category代表品目から抽出,C-M002-02,燃えないごみ,要品目別確認,刃物や割れ物を包み危険表示・家電コードを切る,各専用区分,FALSE,CURRENT,,,S-M002-01,https://www.city.oshu.iwate.jp/soshiki/5/1051/2/3/316.html,燃えないごみ,2026-08-17,INITIAL_REVIEW_REQUIRED,CATEGORY_LEVEL,UNREVIEWED,,,区分レベルデータから機械抽出。品目別公式根拠と条件枝の確認前はAPP_READYにしない。
MAP-M002-I034-02,M002,I034,2,既存category代表品目から抽出,C-M002-19,使用済小型家電,投入口に入る小型家電,電池を外す,燃えないごみまたは対象外ルート,FALSE,CURRENT,,,S-M002-01,https://www.city.oshu.iwate.jp/soshiki/5/1051/2/3/316.html,使用済小型家電,2026-08-17,INITIAL_REVIEW_REQUIRED,CATEGORY_LEVEL,UNREVIEWED,,,区分レベルデータから機械抽出。品目別公式根拠と条件枝の確認前はAPP_READYにしない。
MAP-M002-I037-01,M002,I037,1,既存category代表品目から抽出,C-M002-02,燃えないごみ,要品目別確認,刃物や割れ物を包み危険表示・家電コードを切る,各専用区分,FALSE,CURRENT,,,S-M002-01,https://www.city.oshu.iwate.jp/soshiki/5/1051/2/3/316.html,燃えないごみ,2026-08-17,INITIAL_REVIEW_REQUIRED,CATEGORY_LEVEL,UNREVIEWED,,,区分レベルデータから機械抽出。品目別公式根拠と条件枝の確認前はAPP_READYにしない。
MAP-M002-I037-02,M002,I037,2,既存category代表品目から抽出,C-M002-16,粗大ごみ,指定袋を結べない・はみ出す,材質ごとに分別,直接搬入または許可業者,FALSE,CURRENT,,,S-M002-02,https://www.city.oshu.iwate.jp/soshiki/5/1051/2/3/9522.html,粗大ごみ,2026-08-17,INITIAL_REVIEW_REQUIRED,CATEGORY_LEVEL,UNREVIEWED,,,区分レベルデータから機械抽出。品目別公式根拠と条件枝の確認前はAPP_READYにしない。
MAP-M002-I037-03,M002,I037,3,既存category代表品目から抽出,C-M002-19,使用済小型家電,投入口に入る小型家電,電池を外す,燃えないごみまたは対象外ルート,FALSE,CURRENT,,,S-M002-01,https://www.city.oshu.iwate.jp/soshiki/5/1051/2/3/316.html,使用済小型家電,2026-08-17,INITIAL_REVIEW_REQUIRED,CATEGORY_LEVEL,UNREVIEWED,,,区分レベルデータから機械抽出。品目別公式根拠と条件枝の確認前はAPP_READYにしない。
MAP-M002-I037-04,M002,I037,4,既存category代表品目から抽出,C-M002-20,市で収集・処理できないもの,法定リサイクル・施設処理不可,各受入先の指示に従う,販売店・メーカー・専門業者,TRUE,CURRENT,,,S-M002-01,https://www.city.oshu.iwate.jp/soshiki/5/1051/2/3/316.html,市で収集・処理できないもの,2026-08-17,INITIAL_REVIEW_REQUIRED,CATEGORY_LEVEL,UNREVIEWED,,,区分レベルデータから機械抽出。品目別公式根拠と条件枝の確認前はAPP_READYにしない。
MAP-M002-I038-01,M002,I038,1,既存category代表品目から抽出,C-M002-16,粗大ごみ,指定袋を結べない・はみ出す,材質ごとに分別,直接搬入または許可業者,FALSE,CURRENT,,,S-M002-02,https://www.city.oshu.iwate.jp/soshiki/5/1051/2/3/9522.html,粗大ごみ,2026-08-17,INITIAL_REVIEW_REQUIRED,CATEGORY_LEVEL,UNREVIEWED,,,区分レベルデータから機械抽出。品目別公式根拠と条件枝の確認前はAPP_READYにしない。
MAP-M002-I038-02,M002,I038,2,既存category代表品目から抽出,C-M002-20,市で収集・処理できないもの,法定リサイクル・施設処理不可,各受入先の指示に従う,販売店・メーカー・専門業者,TRUE,CURRENT,,,S-M002-01,https://www.city.oshu.iwate.jp/soshiki/5/1051/2/3/316.html,市で収集・処理できないもの,2026-08-17,INITIAL_REVIEW_REQUIRED,CATEGORY_LEVEL,UNREVIEWED,,,区分レベルデータから機械抽出。品目別公式根拠と条件枝の確認前はAPP_READYにしない。
MAP-M003-I001-01,M003,I001,1,既存category代表品目から抽出,C-M003-06,PET,要品目別確認,キャップとラベルを外しすすぐ,プラスチック容器包装または燃えるごみ,FALSE,CURRENT,,,S-M003-02,https://www.town.nishiwaga.lg.jp/material/files/group/5/0604gomihyakka.pdf,PET,2026-08-17,INITIAL_REVIEW_REQUIRED,CATEGORY_LEVEL,UNREVIEWED,,,区分レベルデータから機械抽出。品目別公式根拠と条件枝の確認前はAPP_READYにしない。
MAP-M003-I002-01,M003,I002,1,既存category代表品目から抽出,C-M003-07,プラスチック容器包装,汚れが落ちる,すすいで乾かす,燃えるごみ,FALSE,CURRENT,,,S-M003-02,https://www.town.nishiwaga.lg.jp/material/files/group/5/0604gomihyakka.pdf,プラスチック容器包装,2026-08-17,INITIAL_REVIEW_REQUIRED,CATEGORY_LEVEL,UNREVIEWED,,,区分レベルデータから機械抽出。品目別公式根拠と条件枝の確認前はAPP_READYにしない。
MAP-M003-I003-01,M003,I003,1,既存category代表品目から抽出,C-M003-07,プラスチック容器包装,汚れが落ちる,すすいで乾かす,燃えるごみ,FALSE,CURRENT,,,S-M003-02,https://www.town.nishiwaga.lg.jp/material/files/group/5/0604gomihyakka.pdf,プラスチック容器包装,2026-08-17,INITIAL_REVIEW_REQUIRED,CATEGORY_LEVEL,UNREVIEWED,,,区分レベルデータから機械抽出。品目別公式根拠と条件枝の確認前はAPP_READYにしない。
MAP-M003-I006-01,M003,I006,1,既存category代表品目から抽出,C-M003-09,びん,要品目別確認,キャップを外しすすぐ,燃えないごみ,FALSE,CURRENT,,,S-M003-02,https://www.town.nishiwaga.lg.jp/material/files/group/5/0604gomihyakka.pdf,びん,2026-08-17,INITIAL_REVIEW_REQUIRED,CATEGORY_LEVEL,UNREVIEWED,,,区分レベルデータから機械抽出。品目別公式根拠と条件枝の確認前はAPP_READYにしない。
MAP-M003-I013-01,M003,I013,1,既存category代表品目から抽出,C-M003-03,新聞紙,要品目別確認,紙ひもで結ぶ,燃えるごみ,FALSE,CURRENT,,,S-M003-02,https://www.town.nishiwaga.lg.jp/material/files/group/5/0604gomihyakka.pdf,新聞紙,2026-08-17,INITIAL_REVIEW_REQUIRED,CATEGORY_LEVEL,UNREVIEWED,,,区分レベルデータから機械抽出。品目別公式根拠と条件枝の確認前はAPP_READYにしない。
MAP-M003-I014-01,M003,I014,1,既存category代表品目から抽出,C-M003-05,ダンボール,要品目別確認,紙ひもで結ぶ,雑誌・雑紙または燃えるごみ,FALSE,CURRENT,,,S-M003-02,https://www.town.nishiwaga.lg.jp/material/files/group/5/0604gomihyakka.pdf,ダンボール,2026-08-17,INITIAL_REVIEW_REQUIRED,CATEGORY_LEVEL,UNREVIEWED,,,区分レベルデータから機械抽出。品目別公式根拠と条件枝の確認前はAPP_READYにしない。
MAP-M003-I015-01,M003,I015,1,既存category代表品目から抽出,C-M003-04,雑誌・雑紙,要品目別確認,紙ひもで結ぶ,燃えるごみ,FALSE,CURRENT,,,S-M003-02,https://www.town.nishiwaga.lg.jp/material/files/group/5/0604gomihyakka.pdf,雑誌・雑紙,2026-08-17,INITIAL_REVIEW_REQUIRED,CATEGORY_LEVEL,UNREVIEWED,,,区分レベルデータから機械抽出。品目別公式根拠と条件枝の確認前はAPP_READYにしない。
MAP-M003-I016-01,M003,I016,1,既存category代表品目から抽出,C-M003-04,雑誌・雑紙,要品目別確認,紙ひもで結ぶ,燃えるごみ,FALSE,CURRENT,,,S-M003-02,https://www.town.nishiwaga.lg.jp/material/files/group/5/0604gomihyakka.pdf,雑誌・雑紙,2026-08-17,INITIAL_REVIEW_REQUIRED,CATEGORY_LEVEL,UNREVIEWED,,,区分レベルデータから機械抽出。品目別公式根拠と条件枝の確認前はAPP_READYにしない。
MAP-M003-I018-01,M003,I018,1,既存category代表品目から抽出,C-M003-01,燃えるごみ,要品目別確認,水切り・長い物を短くする,該当区分,FALSE,CURRENT,,,S-M003-02,https://www.town.nishiwaga.lg.jp/material/files/group/5/0604gomihyakka.pdf,燃えるごみ,2026-08-17,INITIAL_REVIEW_REQUIRED,CATEGORY_LEVEL,UNREVIEWED,,,区分レベルデータから機械抽出。品目別公式根拠と条件枝の確認前はAPP_READYにしない。
MAP-M003-I019-01,M003,I019,1,既存category代表品目から抽出,C-M003-04,雑誌・雑紙,要品目別確認,紙ひもで結ぶ,燃えるごみ,FALSE,CURRENT,,,S-M003-02,https://www.town.nishiwaga.lg.jp/material/files/group/5/0604gomihyakka.pdf,雑誌・雑紙,2026-08-17,INITIAL_REVIEW_REQUIRED,CATEGORY_LEVEL,UNREVIEWED,,,区分レベルデータから機械抽出。品目別公式根拠と条件枝の確認前はAPP_READYにしない。
MAP-M003-I023-01,M003,I023,1,既存category代表品目から抽出,C-M003-02,燃えないごみ,要品目別確認,割れ物を包む・電池を外す,該当区分,FALSE,CURRENT,,,S-M003-02,https://www.town.nishiwaga.lg.jp/material/files/group/5/0604gomihyakka.pdf,燃えないごみ,2026-08-17,INITIAL_REVIEW_REQUIRED,CATEGORY_LEVEL,UNREVIEWED,,,区分レベルデータから機械抽出。品目別公式根拠と条件枝の確認前はAPP_READYにしない。
MAP-M003-I027-01,M003,I027,1,既存category代表品目から抽出,C-M003-12,有害ごみ,家庭用,電池を絶縁・蛍光管を保護,販売店等,FALSE,CURRENT,,,S-M003-02,https://www.town.nishiwaga.lg.jp/material/files/group/5/0604gomihyakka.pdf,有害ごみ,2026-08-17,INITIAL_REVIEW_REQUIRED,CATEGORY_LEVEL,UNREVIEWED,,,区分レベルデータから機械抽出。品目別公式根拠と条件枝の確認前はAPP_READYにしない。
MAP-M003-I030-01,M003,I030,1,既存category代表品目から抽出,C-M003-12,有害ごみ,家庭用,電池を絶縁・蛍光管を保護,販売店等,FALSE,CURRENT,,,S-M003-02,https://www.town.nishiwaga.lg.jp/material/files/group/5/0604gomihyakka.pdf,有害ごみ,2026-08-17,INITIAL_REVIEW_REQUIRED,CATEGORY_LEVEL,UNREVIEWED,,,区分レベルデータから機械抽出。品目別公式根拠と条件枝の確認前はAPP_READYにしない。
MAP-M003-I032-01,M003,I032,1,既存category代表品目から抽出,C-M003-08,空き缶,要品目別確認,中をすすぐ,燃えないごみ,FALSE,CURRENT,,,S-M003-02,https://www.town.nishiwaga.lg.jp/material/files/group/5/0604gomihyakka.pdf,空き缶,2026-08-17,INITIAL_REVIEW_REQUIRED,CATEGORY_LEVEL,UNREVIEWED,,,区分レベルデータから機械抽出。品目別公式根拠と条件枝の確認前はAPP_READYにしない。
MAP-M003-I034-01,M003,I034,1,既存category代表品目から抽出,C-M003-02,燃えないごみ,要品目別確認,割れ物を包む・電池を外す,該当区分,FALSE,CURRENT,,,S-M003-02,https://www.town.nishiwaga.lg.jp/material/files/group/5/0604gomihyakka.pdf,燃えないごみ,2026-08-17,INITIAL_REVIEW_REQUIRED,CATEGORY_LEVEL,UNREVIEWED,,,区分レベルデータから機械抽出。品目別公式根拠と条件枝の確認前はAPP_READYにしない。
MAP-M003-I036-01,M003,I036,1,既存category代表品目から抽出,C-M003-10,燃えるごみの粗大ごみ,80cm×60cm以内等,切断・ひも結束,処理業者または事前相談,FALSE,CURRENT,,,S-M003-02,https://www.town.nishiwaga.lg.jp/material/files/group/5/0604gomihyakka.pdf,燃えるごみの粗大ごみ,2026-08-17,INITIAL_REVIEW_REQUIRED,CATEGORY_LEVEL,UNREVIEWED,,,区分レベルデータから機械抽出。品目別公式根拠と条件枝の確認前はAPP_READYにしない。
MAP-M003-I037-01,M003,I037,1,既存category代表品目から抽出,C-M003-13,町で収集・受入できないもの,施設処理不可または一時多量,受入先の指示に従う,販売店・専門業者・許可業者,TRUE,CURRENT,,,S-M003-02,https://www.town.nishiwaga.lg.jp/material/files/group/5/0604gomihyakka.pdf,町で収集・受入できないもの,2026-08-17,INITIAL_REVIEW_REQUIRED,CATEGORY_LEVEL,UNREVIEWED,,,区分レベルデータから機械抽出。品目別公式根拠と条件枝の確認前はAPP_READYにしない。
MAP-M004-I013-01,M004,I013,1,既存category代表品目から抽出,C-M004-03,古紙（新聞・雑誌）,要品目別確認,厚さ30cm以内で結束,燃やせるごみ,FALSE,CURRENT,,,S-M004-02,https://www.town.shiwa.iwate.jp/kurashi/gomi/1_bunebetsu/2348.html,古紙（新聞・雑誌）,2026-08-17,INITIAL_REVIEW_REQUIRED,CATEGORY_LEVEL,UNREVIEWED,,,区分レベルデータから機械抽出。品目別公式根拠と条件枝の確認前はAPP_READYにしない。
MAP-M004-I014-01,M004,I014,1,既存category代表品目から抽出,C-M004-07,段ボール,要品目別確認,たたみ紙ひもで結ぶ,燃やせるごみ,FALSE,CURRENT,,,S-M004-02,https://www.town.shiwa.iwate.jp/kurashi/gomi/1_bunebetsu/2348.html,段ボール,2026-08-17,INITIAL_REVIEW_REQUIRED,CATEGORY_LEVEL,UNREVIEWED,,,区分レベルデータから機械抽出。品目別公式根拠と条件枝の確認前はAPP_READYにしない。
MAP-M004-I015-01,M004,I015,1,既存category代表品目から抽出,C-M004-03,古紙（新聞・雑誌）,要品目別確認,厚さ30cm以内で結束,燃やせるごみ,FALSE,CURRENT,,,S-M004-02,https://www.town.shiwa.iwate.jp/kurashi/gomi/1_bunebetsu/2348.html,古紙（新聞・雑誌）,2026-08-17,INITIAL_REVIEW_REQUIRED,CATEGORY_LEVEL,UNREVIEWED,,,区分レベルデータから機械抽出。品目別公式根拠と条件枝の確認前はAPP_READYにしない。
MAP-M004-I017-01,M004,I017,1,既存category代表品目から抽出,C-M004-04,紙パック,100％紙製,開いて洗い乾かす,紙製容器包装,FALSE,CURRENT,,,S-M004-02,https://www.town.shiwa.iwate.jp/kurashi/gomi/1_bunebetsu/2348.html,紙パック,2026-08-17,INITIAL_REVIEW_REQUIRED,CATEGORY_LEVEL,UNREVIEWED,,,区分レベルデータから機械抽出。品目別公式根拠と条件枝の確認前はAPP_READYにしない。
MAP-M004-I018-01,M004,I018,1,既存category代表品目から抽出,C-M004-01,燃やせるごみ,要品目別確認,水切り・長い物を切る,各専用区分,FALSE,CURRENT,,,S-M004-01,https://www.town.shiwa.iwate.jp/kurashi/gomi/1_bunebetsu/17749649372176/,燃やせるごみ,2026-08-17,INITIAL_REVIEW_REQUIRED,CATEGORY_LEVEL,UNREVIEWED,,,区分レベルデータから機械抽出。品目別公式根拠と条件枝の確認前はAPP_READYにしない。
MAP-M004-I021-01,M004,I021,1,既存category代表品目から抽出,C-M004-08,古着,再利用可能,洗濯する,燃やせるごみ,FALSE,CURRENT,,,S-M004-02,https://www.town.shiwa.iwate.jp/kurashi/gomi/1_bunebetsu/2348.html,古着,2026-08-17,INITIAL_REVIEW_REQUIRED,CATEGORY_LEVEL,UNREVIEWED,,,区分レベルデータから機械抽出。品目別公式根拠と条件枝の確認前はAPP_READYにしない。
MAP-M004-I023-01,M004,I023,1,既存category代表品目から抽出,C-M004-09,大形・不燃ごみ,規定サイズ・重量未満,割れ物を包み表示・燃料と電池を抜く,収集しないものまたは直接搬入,FALSE,CURRENT,,,S-M004-03,https://www.town.shiwa.iwate.jp/kurashi/gomi/1_bunebetsu/2351.html,大形・不燃ごみ,2026-08-17,INITIAL_REVIEW_REQUIRED,CATEGORY_LEVEL,UNREVIEWED,,,区分レベルデータから機械抽出。品目別公式根拠と条件枝の確認前はAPP_READYにしない。
MAP-M004-I027-01,M004,I027,1,既存category代表品目から抽出,C-M004-10,有害・危険ごみ及び乾電池,品目で袋・回収箱が分岐,蛍光管等を箱で保護・電池は絶縁,大形・不燃ごみ等,FALSE,CURRENT,,,S-M004-04,https://www.town.shiwa.iwate.jp/kurashi/gomi/1_bunebetsu/2353.html,有害・危険ごみ及び乾電池,2026-08-17,INITIAL_REVIEW_REQUIRED,CATEGORY_LEVEL,UNREVIEWED,,,区分レベルデータから機械抽出。品目別公式根拠と条件枝の確認前はAPP_READYにしない。
MAP-M004-I030-01,M004,I030,1,既存category代表品目から抽出,C-M004-10,有害・危険ごみ及び乾電池,品目で袋・回収箱が分岐,蛍光管等を箱で保護・電池は絶縁,大形・不燃ごみ等,FALSE,CURRENT,,,S-M004-04,https://www.town.shiwa.iwate.jp/kurashi/gomi/1_bunebetsu/2353.html,有害・危険ごみ及び乾電池,2026-08-17,INITIAL_REVIEW_REQUIRED,CATEGORY_LEVEL,UNREVIEWED,,,区分レベルデータから機械抽出。品目別公式根拠と条件枝の確認前はAPP_READYにしない。
MAP-M004-I031-01,M004,I031,1,既存category代表品目から抽出,C-M004-10,有害・危険ごみ及び乾電池,品目で袋・回収箱が分岐,蛍光管等を箱で保護・電池は絶縁,大形・不燃ごみ等,FALSE,CURRENT,,,S-M004-04,https://www.town.shiwa.iwate.jp/kurashi/gomi/1_bunebetsu/2353.html,有害・危険ごみ及び乾電池,2026-08-17,INITIAL_REVIEW_REQUIRED,CATEGORY_LEVEL,UNREVIEWED,,,区分レベルデータから機械抽出。品目別公式根拠と条件枝の確認前はAPP_READYにしない。
MAP-M004-I032-01,M004,I032,1,既存category代表品目から抽出,C-M004-05,空カン,18L未満,中身を空にする・スプレー缶は使い切り別袋表示,取扱店,FALSE,CURRENT,,,S-M004-02,https://www.town.shiwa.iwate.jp/kurashi/gomi/1_bunebetsu/2348.html,空カン,2026-08-17,INITIAL_REVIEW_REQUIRED,CATEGORY_LEVEL,UNREVIEWED,,,区分レベルデータから機械抽出。品目別公式根拠と条件枝の確認前はAPP_READYにしない。
MAP-M004-I033-01,M004,I033,1,既存category代表品目から抽出,C-M004-10,有害・危険ごみ及び乾電池,品目で袋・回収箱が分岐,蛍光管等を箱で保護・電池は絶縁,大形・不燃ごみ等,FALSE,CURRENT,,,S-M004-04,https://www.town.shiwa.iwate.jp/kurashi/gomi/1_bunebetsu/2353.html,有害・危険ごみ及び乾電池,2026-08-17,INITIAL_REVIEW_REQUIRED,CATEGORY_LEVEL,UNREVIEWED,,,区分レベルデータから機械抽出。品目別公式根拠と条件枝の確認前はAPP_READYにしない。
MAP-M004-I034-01,M004,I034,1,既存category代表品目から抽出,C-M004-12,その他のごみ,回収事業の対象,電池を外す,通常の分別区分,FALSE,CURRENT,,,S-M004-01,https://www.town.shiwa.iwate.jp/kurashi/gomi/1_bunebetsu/17749649372176/,その他のごみ,2026-08-17,INITIAL_REVIEW_REQUIRED,CATEGORY_LEVEL,UNREVIEWED,,,区分レベルデータから機械抽出。品目別公式根拠と条件枝の確認前はAPP_READYにしない。
MAP-M004-I037-01,M004,I037,1,既存category代表品目から抽出,C-M004-13,収集・受入しないもの,収集・施設受入不可,受入先の指示に従う,販売店・専門業者,TRUE,CURRENT,,,S-M004-01,https://www.town.shiwa.iwate.jp/kurashi/gomi/1_bunebetsu/17749649372176/,収集・受入しないもの,2026-08-17,INITIAL_REVIEW_REQUIRED,CATEGORY_LEVEL,UNREVIEWED,,,区分レベルデータから機械抽出。品目別公式根拠と条件枝の確認前はAPP_READYにしない。
MAP-M005-I001-01,M005,I001,1,既存category代表品目から抽出,C-M005-11,ペットボトル,要品目別確認,キャップとラベルを外しすすぐ,燃やせるごみ等,FALSE,CURRENT,,,S-M005-02,https://www.city.ishinomaki.lg.jp/cont/10210000/1582/20180320093709.html,ペットボトル,2026-08-17,INITIAL_REVIEW_REQUIRED,CATEGORY_LEVEL,UNREVIEWED,,,区分レベルデータから機械抽出。品目別公式根拠と条件枝の確認前はAPP_READYにしない。
MAP-M005-I006-01,M005,I006,1,既存category代表品目から抽出,C-M005-10,びん類,要品目別確認,キャップを外しすすぐ,燃やせないごみ,FALSE,CURRENT,,,S-M005-02,https://www.city.ishinomaki.lg.jp/cont/10210000/1582/20180320093709.html,びん類,2026-08-17,INITIAL_REVIEW_REQUIRED,CATEGORY_LEVEL,UNREVIEWED,,,区分レベルデータから機械抽出。品目別公式根拠と条件枝の確認前はAPP_READYにしない。
MAP-M005-I013-01,M005,I013,1,既存category代表品目から抽出,C-M005-07,新聞紙,要品目別確認,結束,燃やせるごみ,FALSE,CURRENT,,,S-M005-02,https://www.city.ishinomaki.lg.jp/cont/10210000/1582/20180320093709.html,新聞紙,2026-08-17,INITIAL_REVIEW_REQUIRED,CATEGORY_LEVEL,UNREVIEWED,,,区分レベルデータから機械抽出。品目別公式根拠と条件枝の確認前はAPP_READYにしない。
MAP-M005-I014-01,M005,I014,1,既存category代表品目から抽出,C-M005-05,ダンボール,要品目別確認,たたんで結束,燃やせるごみ,FALSE,CURRENT,,,S-M005-02,https://www.city.ishinomaki.lg.jp/cont/10210000/1582/20180320093709.html,ダンボール,2026-08-17,INITIAL_REVIEW_REQUIRED,CATEGORY_LEVEL,UNREVIEWED,,,区分レベルデータから機械抽出。品目別公式根拠と条件枝の確認前はAPP_READYにしない。
MAP-M005-I015-01,M005,I015,1,既存category代表品目から抽出,C-M005-06,雑誌・古本,要品目別確認,結束,燃やせるごみ,FALSE,CURRENT,,,S-M005-02,https://www.city.ishinomaki.lg.jp/cont/10210000/1582/20180320093709.html,雑誌・古本,2026-08-17,INITIAL_REVIEW_REQUIRED,CATEGORY_LEVEL,UNREVIEWED,,,区分レベルデータから機械抽出。品目別公式根拠と条件枝の確認前はAPP_READYにしない。
MAP-M005-I016-01,M005,I016,1,既存category代表品目から抽出,C-M005-08,雑紙,要品目別確認,紙袋等でまとめる,燃やせるごみ,FALSE,CURRENT,,,S-M005-02,https://www.city.ishinomaki.lg.jp/cont/10210000/1582/20180320093709.html,雑紙,2026-08-17,INITIAL_REVIEW_REQUIRED,CATEGORY_LEVEL,UNREVIEWED,,,区分レベルデータから機械抽出。品目別公式根拠と条件枝の確認前はAPP_READYにしない。
MAP-M005-I018-01,M005,I018,1,既存category代表品目から抽出,C-M005-01,燃やせるごみ,要品目別確認,生ごみは水切り,各専用区分,FALSE,CURRENT,,,S-M005-02,https://www.city.ishinomaki.lg.jp/cont/10210000/1582/20180320093709.html,燃やせるごみ,2026-08-17,INITIAL_REVIEW_REQUIRED,CATEGORY_LEVEL,UNREVIEWED,,,区分レベルデータから機械抽出。品目別公式根拠と条件枝の確認前はAPP_READYにしない。
MAP-M005-I023-01,M005,I023,1,既存category代表品目から抽出,C-M005-02,燃やせないごみ,要品目別確認,割れ物を包み表示,各専用区分,FALSE,CURRENT,,,S-M005-02,https://www.city.ishinomaki.lg.jp/cont/10210000/1582/20180320093709.html,燃やせないごみ,2026-08-17,INITIAL_REVIEW_REQUIRED,CATEGORY_LEVEL,UNREVIEWED,,,区分レベルデータから機械抽出。品目別公式根拠と条件枝の確認前はAPP_READYにしない。
MAP-M005-I027-01,M005,I027,1,既存category代表品目から抽出,C-M005-04,有害ごみ,要品目別確認,蛍光管を保護・スプレー缶を使い切る,各専用区分,FALSE,CURRENT,,,S-M005-02,https://www.city.ishinomaki.lg.jp/cont/10210000/1582/20180320093709.html,有害ごみ,2026-08-17,INITIAL_REVIEW_REQUIRED,CATEGORY_LEVEL,UNREVIEWED,,,区分レベルデータから機械抽出。品目別公式根拠と条件枝の確認前はAPP_READYにしない。
MAP-M005-I030-01,M005,I030,1,既存category代表品目から抽出,C-M005-04,有害ごみ,要品目別確認,蛍光管を保護・スプレー缶を使い切る,各専用区分,FALSE,CURRENT,,,S-M005-02,https://www.city.ishinomaki.lg.jp/cont/10210000/1582/20180320093709.html,有害ごみ,2026-08-17,INITIAL_REVIEW_REQUIRED,CATEGORY_LEVEL,UNREVIEWED,,,区分レベルデータから機械抽出。品目別公式根拠と条件枝の確認前はAPP_READYにしない。
MAP-M005-I032-01,M005,I032,1,既存category代表品目から抽出,C-M005-03,金属ごみ,要品目別確認,電池や燃料を外す,資源ごみまたは有害ごみ,FALSE,CURRENT,,,S-M005-02,https://www.city.ishinomaki.lg.jp/cont/10210000/1582/20180320093709.html,金属ごみ,2026-08-17,INITIAL_REVIEW_REQUIRED,CATEGORY_LEVEL,UNREVIEWED,,,区分レベルデータから機械抽出。品目別公式根拠と条件枝の確認前はAPP_READYにしない。
MAP-M005-I032-02,M005,I032,2,既存category代表品目から抽出,C-M005-04,有害ごみ,要品目別確認,蛍光管を保護・スプレー缶を使い切る,各専用区分,FALSE,CURRENT,,,S-M005-02,https://www.city.ishinomaki.lg.jp/cont/10210000/1582/20180320093709.html,有害ごみ,2026-08-17,INITIAL_REVIEW_REQUIRED,CATEGORY_LEVEL,UNREVIEWED,,,区分レベルデータから機械抽出。品目別公式根拠と条件枝の確認前はAPP_READYにしない。
MAP-M005-I032-03,M005,I032,3,既存category代表品目から抽出,C-M005-09,缶類,要品目別確認,中をすすぐ,燃やせないごみまたは有害ごみ,FALSE,CURRENT,,,S-M005-02,https://www.city.ishinomaki.lg.jp/cont/10210000/1582/20180320093709.html,缶類,2026-08-17,INITIAL_REVIEW_REQUIRED,CATEGORY_LEVEL,UNREVIEWED,,,区分レベルデータから機械抽出。品目別公式根拠と条件枝の確認前はAPP_READYにしない。
MAP-M005-I037-01,M005,I037,1,既存category代表品目から抽出,C-M005-12,粗大ごみ,一辺50cm以上,電池・燃料を外す,販売店・許可業者,FALSE,CURRENT,,,S-M005-02,https://www.city.ishinomaki.lg.jp/cont/10210000/1582/20180320093709.html,粗大ごみ,2026-08-17,INITIAL_REVIEW_REQUIRED,CATEGORY_LEVEL,UNREVIEWED,,,区分レベルデータから機械抽出。品目別公式根拠と条件枝の確認前はAPP_READYにしない。
MAP-M005-I037-02,M005,I037,2,既存category代表品目から抽出,C-M005-14,市で収集しないごみ,法定リサイクル・処理困難,受入先の指示に従う,販売店・メーカー・専門業者,TRUE,CURRENT,,,S-M005-02,https://www.city.ishinomaki.lg.jp/cont/10210000/1582/20180320093709.html,市で収集しないごみ,2026-08-17,INITIAL_REVIEW_REQUIRED,CATEGORY_LEVEL,UNREVIEWED,,,区分レベルデータから機械抽出。品目別公式根拠と条件枝の確認前はAPP_READYにしない。
MAP-M005-I038-01,M005,I038,1,既存category代表品目から抽出,C-M005-14,市で収集しないごみ,法定リサイクル・処理困難,受入先の指示に従う,販売店・メーカー・専門業者,TRUE,CURRENT,,,S-M005-02,https://www.city.ishinomaki.lg.jp/cont/10210000/1582/20180320093709.html,市で収集しないごみ,2026-08-17,INITIAL_REVIEW_REQUIRED,CATEGORY_LEVEL,UNREVIEWED,,,区分レベルデータから機械抽出。品目別公式根拠と条件枝の確認前はAPP_READYにしない。
MAP-M006-I001-01,M006,I001,1,既存category代表品目から抽出,C-M006-05,ペットボトル,要品目別確認,キャップとラベルを外しすすぐ,容器包装プラスチック等,FALSE,CURRENT,,,S-M006-02,https://www.town.ogawara.miyagi.jp/secure/1106/R8ippannhaikibutusyorizissikeikaku.pdf,ペットボトル,2026-08-17,INITIAL_REVIEW_REQUIRED,CATEGORY_LEVEL,UNREVIEWED,,,区分レベルデータから機械抽出。品目別公式根拠と条件枝の確認前はAPP_READYにしない。
MAP-M006-I004-01,M006,I004,1,既存category代表品目から抽出,C-M006-09,缶類,要品目別確認,中を空にしすすぐ,もやせないごみ等,FALSE,CURRENT,,,S-M006-02,https://www.town.ogawara.miyagi.jp/secure/1106/R8ippannhaikibutusyorizissikeikaku.pdf,缶類,2026-08-17,INITIAL_REVIEW_REQUIRED,CATEGORY_LEVEL,UNREVIEWED,,,区分レベルデータから機械抽出。品目別公式根拠と条件枝の確認前はAPP_READYにしない。
MAP-M006-I005-01,M006,I005,1,既存category代表品目から抽出,C-M006-09,缶類,要品目別確認,中を空にしすすぐ,もやせないごみ等,FALSE,CURRENT,,,S-M006-02,https://www.town.ogawara.miyagi.jp/secure/1106/R8ippannhaikibutusyorizissikeikaku.pdf,缶類,2026-08-17,INITIAL_REVIEW_REQUIRED,CATEGORY_LEVEL,UNREVIEWED,,,区分レベルデータから機械抽出。品目別公式根拠と条件枝の確認前はAPP_READYにしない。
MAP-M006-I006-01,M006,I006,1,既存category代表品目から抽出,C-M006-06,無色透明びん,要品目別確認,キャップを外しすすぐ,もやせないごみ,FALSE,CURRENT,,,S-M006-02,https://www.town.ogawara.miyagi.jp/secure/1106/R8ippannhaikibutusyorizissikeikaku.pdf,無色透明びん,2026-08-17,INITIAL_REVIEW_REQUIRED,CATEGORY_LEVEL,UNREVIEWED,,,区分レベルデータから機械抽出。品目別公式根拠と条件枝の確認前はAPP_READYにしない。
MAP-M006-I006-02,M006,I006,2,既存category代表品目から抽出,C-M006-07,茶色びん,要品目別確認,キャップを外しすすぐ,もやせないごみ,FALSE,CURRENT,,,S-M006-02,https://www.town.ogawara.miyagi.jp/secure/1106/R8ippannhaikibutusyorizissikeikaku.pdf,茶色びん,2026-08-17,INITIAL_REVIEW_REQUIRED,CATEGORY_LEVEL,UNREVIEWED,,,区分レベルデータから機械抽出。品目別公式根拠と条件枝の確認前はAPP_READYにしない。
MAP-M006-I006-03,M006,I006,3,既存category代表品目から抽出,C-M006-08,その他のびん,要品目別確認,キャップを外しすすぐ,もやせないごみ,FALSE,CURRENT,,,S-M006-02,https://www.town.ogawara.miyagi.jp/secure/1106/R8ippannhaikibutusyorizissikeikaku.pdf,その他のびん,2026-08-17,INITIAL_REVIEW_REQUIRED,CATEGORY_LEVEL,UNREVIEWED,,,区分レベルデータから機械抽出。品目別公式根拠と条件枝の確認前はAPP_READYにしない。
MAP-M006-I011-01,M006,I011,1,既存category代表品目から抽出,C-M006-03,容器包装プラスチック,容器包装で汚れが落ちる,洗って乾かす,もやせるごみ等,FALSE,CURRENT,,,S-M006-02,https://www.town.ogawara.miyagi.jp/secure/1106/R8ippannhaikibutusyorizissikeikaku.pdf,容器包装プラスチック,2026-08-17,INITIAL_REVIEW_REQUIRED,CATEGORY_LEVEL,UNREVIEWED,,,区分レベルデータから機械抽出。品目別公式根拠と条件枝の確認前はAPP_READYにしない。
MAP-M006-I013-01,M006,I013,1,既存category代表品目から抽出,C-M006-10,新聞,要品目別確認,結束,もやせるごみ,FALSE,CURRENT,,,S-M006-02,https://www.town.ogawara.miyagi.jp/secure/1106/R8ippannhaikibutusyorizissikeikaku.pdf,新聞,2026-08-17,INITIAL_REVIEW_REQUIRED,CATEGORY_LEVEL,UNREVIEWED,,,区分レベルデータから機械抽出。品目別公式根拠と条件枝の確認前はAPP_READYにしない。
MAP-M006-I014-01,M006,I014,1,既存category代表品目から抽出,C-M006-11,ダンボール,要品目別確認,たたみ結束,もやせるごみ,FALSE,CURRENT,,,S-M006-02,https://www.town.ogawara.miyagi.jp/secure/1106/R8ippannhaikibutusyorizissikeikaku.pdf,ダンボール,2026-08-17,INITIAL_REVIEW_REQUIRED,CATEGORY_LEVEL,UNREVIEWED,,,区分レベルデータから機械抽出。品目別公式根拠と条件枝の確認前はAPP_READYにしない。
MAP-M006-I016-01,M006,I016,1,既存category代表品目から抽出,C-M006-12,雑紙類,要品目別確認,紙袋等でまとめる,もやせるごみ,FALSE,CURRENT,,,S-M006-02,https://www.town.ogawara.miyagi.jp/secure/1106/R8ippannhaikibutusyorizissikeikaku.pdf,雑紙類,2026-08-17,INITIAL_REVIEW_REQUIRED,CATEGORY_LEVEL,UNREVIEWED,,,区分レベルデータから機械抽出。品目別公式根拠と条件枝の確認前はAPP_READYにしない。
MAP-M006-I018-01,M006,I018,1,既存category代表品目から抽出,C-M006-01,もやせるごみ,要品目別確認,水切り,各専用区分,FALSE,CURRENT,,,S-M006-02,https://www.town.ogawara.miyagi.jp/secure/1106/R8ippannhaikibutusyorizissikeikaku.pdf,もやせるごみ,2026-08-17,INITIAL_REVIEW_REQUIRED,CATEGORY_LEVEL,UNREVIEWED,,,区分レベルデータから機械抽出。品目別公式根拠と条件枝の確認前はAPP_READYにしない。
MAP-M006-I023-01,M006,I023,1,既存category代表品目から抽出,C-M006-02,もやせないごみ,要品目別確認,割れ物を包み電池を外す,各専用区分,FALSE,CURRENT,,,S-M006-02,https://www.town.ogawara.miyagi.jp/secure/1106/R8ippannhaikibutusyorizissikeikaku.pdf,もやせないごみ,2026-08-17,INITIAL_REVIEW_REQUIRED,CATEGORY_LEVEL,UNREVIEWED,,,区分レベルデータから機械抽出。品目別公式根拠と条件枝の確認前はAPP_READYにしない。
MAP-M006-I027-01,M006,I027,1,既存category代表品目から抽出,C-M006-13,使用済乾電池等,家庭用,絶縁・破損防止,販売店等,FALSE,CURRENT,,,S-M006-02,https://www.town.ogawara.miyagi.jp/secure/1106/R8ippannhaikibutusyorizissikeikaku.pdf,使用済乾電池等,2026-08-17,INITIAL_REVIEW_REQUIRED,CATEGORY_LEVEL,UNREVIEWED,,,区分レベルデータから機械抽出。品目別公式根拠と条件枝の確認前はAPP_READYにしない。
MAP-M006-I030-01,M006,I030,1,既存category代表品目から抽出,C-M006-13,使用済乾電池等,家庭用,絶縁・破損防止,販売店等,FALSE,CURRENT,,,S-M006-02,https://www.town.ogawara.miyagi.jp/secure/1106/R8ippannhaikibutusyorizissikeikaku.pdf,使用済乾電池等,2026-08-17,INITIAL_REVIEW_REQUIRED,CATEGORY_LEVEL,UNREVIEWED,,,区分レベルデータから機械抽出。品目別公式根拠と条件枝の確認前はAPP_READYにしない。
MAP-M006-I032-01,M006,I032,1,既存category代表品目から抽出,C-M006-09,缶類,要品目別確認,中を空にしすすぐ,もやせないごみ等,FALSE,CURRENT,,,S-M006-02,https://www.town.ogawara.miyagi.jp/secure/1106/R8ippannhaikibutusyorizissikeikaku.pdf,缶類,2026-08-17,INITIAL_REVIEW_REQUIRED,CATEGORY_LEVEL,UNREVIEWED,,,区分レベルデータから機械抽出。品目別公式根拠と条件枝の確認前はAPP_READYにしない。
MAP-M006-I034-01,M006,I034,1,既存category代表品目から抽出,C-M006-02,もやせないごみ,要品目別確認,割れ物を包み電池を外す,各専用区分,FALSE,CURRENT,,,S-M006-02,https://www.town.ogawara.miyagi.jp/secure/1106/R8ippannhaikibutusyorizissikeikaku.pdf,もやせないごみ,2026-08-17,INITIAL_REVIEW_REQUIRED,CATEGORY_LEVEL,UNREVIEWED,,,区分レベルデータから機械抽出。品目別公式根拠と条件枝の確認前はAPP_READYにしない。
MAP-M006-I034-02,M006,I034,2,既存category代表品目から抽出,C-M006-15,使用済小型電子機器等,対象小型家電,電池を外す,もやせないごみ等,FALSE,CURRENT,,,S-M006-02,https://www.town.ogawara.miyagi.jp/secure/1106/R8ippannhaikibutusyorizissikeikaku.pdf,使用済小型電子機器等,2026-08-17,INITIAL_REVIEW_REQUIRED,CATEGORY_LEVEL,UNREVIEWED,,,区分レベルデータから機械抽出。品目別公式根拠と条件枝の確認前はAPP_READYにしない。
MAP-M006-I037-01,M006,I037,1,既存category代表品目から抽出,C-M006-14,粗大ごみ,指定袋に入らない,材質別に分ける,直接搬入または許可業者,FALSE,CURRENT,,,S-M006-02,https://www.town.ogawara.miyagi.jp/secure/1106/R8ippannhaikibutusyorizissikeikaku.pdf,粗大ごみ,2026-08-17,INITIAL_REVIEW_REQUIRED,CATEGORY_LEVEL,UNREVIEWED,,,区分レベルデータから機械抽出。品目別公式根拠と条件枝の確認前はAPP_READYにしない。
MAP-M006-I037-02,M006,I037,2,既存category代表品目から抽出,C-M006-15,使用済小型電子機器等,対象小型家電,電池を外す,もやせないごみ等,FALSE,CURRENT,,,S-M006-02,https://www.town.ogawara.miyagi.jp/secure/1106/R8ippannhaikibutusyorizissikeikaku.pdf,使用済小型電子機器等,2026-08-17,INITIAL_REVIEW_REQUIRED,CATEGORY_LEVEL,UNREVIEWED,,,区分レベルデータから機械抽出。品目別公式根拠と条件枝の確認前はAPP_READYにしない。
MAP-M006-I037-03,M006,I037,3,既存category代表品目から抽出,C-M006-16,収集しないもの,町収集・施設処理不可,受入先の指示に従う,メーカー・販売店・専門業者,TRUE,CURRENT,,,S-M006-02,https://www.town.ogawara.miyagi.jp/secure/1106/R8ippannhaikibutusyorizissikeikaku.pdf,収集しないもの,2026-08-17,INITIAL_REVIEW_REQUIRED,CATEGORY_LEVEL,UNREVIEWED,,,区分レベルデータから機械抽出。品目別公式根拠と条件枝の確認前はAPP_READYにしない。
MAP-M006-I038-01,M006,I038,1,既存category代表品目から抽出,C-M006-16,収集しないもの,町収集・施設処理不可,受入先の指示に従う,メーカー・販売店・専門業者,TRUE,CURRENT,,,S-M006-02,https://www.town.ogawara.miyagi.jp/secure/1106/R8ippannhaikibutusyorizissikeikaku.pdf,収集しないもの,2026-08-17,INITIAL_REVIEW_REQUIRED,CATEGORY_LEVEL,UNREVIEWED,,,区分レベルデータから機械抽出。品目別公式根拠と条件枝の確認前はAPP_READYにしない。
MAP-M007-I010-01,M007,I010,1,既存category代表品目から抽出,C-M007-06,プラスチック,100％プラスチック・一辺50cm未満・きれい,汚れを落とし異物を外す,燃やせる/燃やせないごみ,FALSE,CURRENT,,,S-M007-02,https://www.town.kami.miyagi.jp/soshikikarasagasu/chominka/kankyoeisei/4014.html,プラスチック,2026-08-17,INITIAL_REVIEW_REQUIRED,CATEGORY_LEVEL,UNREVIEWED,,,区分レベルデータから機械抽出。品目別公式根拠と条件枝の確認前はAPP_READYにしない。
MAP-M007-I011-01,M007,I011,1,既存category代表品目から抽出,C-M007-06,プラスチック,100％プラスチック・一辺50cm未満・きれい,汚れを落とし異物を外す,燃やせる/燃やせないごみ,FALSE,CURRENT,,,S-M007-02,https://www.town.kami.miyagi.jp/soshikikarasagasu/chominka/kankyoeisei/4014.html,プラスチック,2026-08-17,INITIAL_REVIEW_REQUIRED,CATEGORY_LEVEL,UNREVIEWED,,,区分レベルデータから機械抽出。品目別公式根拠と条件枝の確認前はAPP_READYにしない。
MAP-M007-I018-01,M007,I018,1,既存category代表品目から抽出,C-M007-01,燃やせるごみ,要品目別確認,水切り,各専用区分,FALSE,CURRENT,,,S-M007-01,https://www.town.kami.miyagi.jp/soshikikarasagasu/chominka/kankyoeisei/847.html,燃やせるごみ,2026-08-17,INITIAL_REVIEW_REQUIRED,CATEGORY_LEVEL,UNREVIEWED,,,区分レベルデータから機械抽出。品目別公式根拠と条件枝の確認前はAPP_READYにしない。
MAP-M007-I023-01,M007,I023,1,既存category代表品目から抽出,C-M007-02,燃やせないごみ・燃やせない粗大ごみ,要品目別確認,割れ物を包み電池を外す,各専用区分,FALSE,CURRENT,,,S-M007-01,https://www.town.kami.miyagi.jp/soshikikarasagasu/chominka/kankyoeisei/847.html,燃やせないごみ・燃やせない粗大ごみ,2026-08-17,INITIAL_REVIEW_REQUIRED,CATEGORY_LEVEL,UNREVIEWED,,,区分レベルデータから機械抽出。品目別公式根拠と条件枝の確認前はAPP_READYにしない。
MAP-M007-I026-01,M007,I026,1,既存category代表品目から抽出,C-M007-06,プラスチック,100％プラスチック・一辺50cm未満・きれい,汚れを落とし異物を外す,燃やせる/燃やせないごみ,FALSE,CURRENT,,,S-M007-02,https://www.town.kami.miyagi.jp/soshikikarasagasu/chominka/kankyoeisei/4014.html,プラスチック,2026-08-17,INITIAL_REVIEW_REQUIRED,CATEGORY_LEVEL,UNREVIEWED,,,区分レベルデータから機械抽出。品目別公式根拠と条件枝の確認前はAPP_READYにしない。
MAP-M007-I027-01,M007,I027,1,既存category代表品目から抽出,C-M007-03,有害ごみ,要品目別確認,破損防止・スプレー缶を使い切る,小型家電・乾電池等,FALSE,CURRENT,,,S-M007-02,https://www.town.kami.miyagi.jp/soshikikarasagasu/chominka/kankyoeisei/4014.html,有害ごみ,2026-08-17,INITIAL_REVIEW_REQUIRED,CATEGORY_LEVEL,UNREVIEWED,,,区分レベルデータから機械抽出。品目別公式根拠と条件枝の確認前はAPP_READYにしない。
MAP-M007-I027-02,M007,I027,2,既存category代表品目から抽出,C-M007-04,小型家電・乾電池,対象品目,電池端子を絶縁・機器から電池を外す,販売店等,FALSE,CURRENT,,,S-M007-03,https://www.town.kami.miyagi.jp/soshikikarasagasu/chominka/kankyoeisei/3552.html,小型家電・乾電池,2026-08-17,INITIAL_REVIEW_REQUIRED,CATEGORY_LEVEL,UNREVIEWED,,,区分レベルデータから機械抽出。品目別公式根拠と条件枝の確認前はAPP_READYにしない。
MAP-M007-I030-01,M007,I030,1,既存category代表品目から抽出,C-M007-03,有害ごみ,要品目別確認,破損防止・スプレー缶を使い切る,小型家電・乾電池等,FALSE,CURRENT,,,S-M007-02,https://www.town.kami.miyagi.jp/soshikikarasagasu/chominka/kankyoeisei/4014.html,有害ごみ,2026-08-17,INITIAL_REVIEW_REQUIRED,CATEGORY_LEVEL,UNREVIEWED,,,区分レベルデータから機械抽出。品目別公式根拠と条件枝の確認前はAPP_READYにしない。
MAP-M007-I032-01,M007,I032,1,既存category代表品目から抽出,C-M007-03,有害ごみ,要品目別確認,破損防止・スプレー缶を使い切る,小型家電・乾電池等,FALSE,CURRENT,,,S-M007-02,https://www.town.kami.miyagi.jp/soshikikarasagasu/chominka/kankyoeisei/4014.html,有害ごみ,2026-08-17,INITIAL_REVIEW_REQUIRED,CATEGORY_LEVEL,UNREVIEWED,,,区分レベルデータから機械抽出。品目別公式根拠と条件枝の確認前はAPP_READYにしない。
MAP-M007-I034-01,M007,I034,1,既存category代表品目から抽出,C-M007-02,燃やせないごみ・燃やせない粗大ごみ,要品目別確認,割れ物を包み電池を外す,各専用区分,FALSE,CURRENT,,,S-M007-01,https://www.town.kami.miyagi.jp/soshikikarasagasu/chominka/kankyoeisei/847.html,燃やせないごみ・燃やせない粗大ごみ,2026-08-17,INITIAL_REVIEW_REQUIRED,CATEGORY_LEVEL,UNREVIEWED,,,区分レベルデータから機械抽出。品目別公式根拠と条件枝の確認前はAPP_READYにしない。
MAP-M007-I034-02,M007,I034,2,既存category代表品目から抽出,C-M007-03,有害ごみ,要品目別確認,破損防止・スプレー缶を使い切る,小型家電・乾電池等,FALSE,CURRENT,,,S-M007-02,https://www.town.kami.miyagi.jp/soshikikarasagasu/chominka/kankyoeisei/4014.html,有害ごみ,2026-08-17,INITIAL_REVIEW_REQUIRED,CATEGORY_LEVEL,UNREVIEWED,,,区分レベルデータから機械抽出。品目別公式根拠と条件枝の確認前はAPP_READYにしない。
MAP-M007-I034-03,M007,I034,3,既存category代表品目から抽出,C-M007-04,小型家電・乾電池,対象品目,電池端子を絶縁・機器から電池を外す,販売店等,FALSE,CURRENT,,,S-M007-03,https://www.town.kami.miyagi.jp/soshikikarasagasu/chominka/kankyoeisei/3552.html,小型家電・乾電池,2026-08-17,INITIAL_REVIEW_REQUIRED,CATEGORY_LEVEL,UNREVIEWED,,,区分レベルデータから機械抽出。品目別公式根拠と条件枝の確認前はAPP_READYにしない。
MAP-M007-I034-04,M007,I034,4,既存category代表品目から抽出,C-M007-06,プラスチック,100％プラスチック・一辺50cm未満・きれい,汚れを落とし異物を外す,燃やせる/燃やせないごみ,FALSE,CURRENT,,,S-M007-02,https://www.town.kami.miyagi.jp/soshikikarasagasu/chominka/kankyoeisei/4014.html,プラスチック,2026-08-17,INITIAL_REVIEW_REQUIRED,CATEGORY_LEVEL,UNREVIEWED,,,区分レベルデータから機械抽出。品目別公式根拠と条件枝の確認前はAPP_READYにしない。
MAP-M007-I036-01,M007,I036,1,既存category代表品目から抽出,C-M007-07,燃やせる粗大ごみ,指定袋に入らない可燃物,金属等を分離,直接搬入または許可業者,FALSE,CURRENT,,,S-M007-01,https://www.town.kami.miyagi.jp/soshikikarasagasu/chominka/kankyoeisei/847.html,燃やせる粗大ごみ,2026-08-17,INITIAL_REVIEW_REQUIRED,CATEGORY_LEVEL,UNREVIEWED,,,区分レベルデータから機械抽出。品目別公式根拠と条件枝の確認前はAPP_READYにしない。
MAP-M007-I037-01,M007,I037,1,既存category代表品目から抽出,C-M007-04,小型家電・乾電池,対象品目,電池端子を絶縁・機器から電池を外す,販売店等,FALSE,CURRENT,,,S-M007-03,https://www.town.kami.miyagi.jp/soshikikarasagasu/chominka/kankyoeisei/3552.html,小型家電・乾電池,2026-08-17,INITIAL_REVIEW_REQUIRED,CATEGORY_LEVEL,UNREVIEWED,,,区分レベルデータから機械抽出。品目別公式根拠と条件枝の確認前はAPP_READYにしない。
MAP-M007-I037-02,M007,I037,2,既存category代表品目から抽出,C-M007-09,町で収集・施設受入できないもの,処理不可・事業活動由来,受入先の指示に従う,販売店・専門業者・許可業者,TRUE,CURRENT,,,S-M007-01,https://www.town.kami.miyagi.jp/soshikikarasagasu/chominka/kankyoeisei/847.html,町で収集・施設受入できないもの,2026-08-17,INITIAL_REVIEW_REQUIRED,CATEGORY_LEVEL,UNREVIEWED,,,区分レベルデータから機械抽出。品目別公式根拠と条件枝の確認前はAPP_READYにしない。
MAP-M007-I038-01,M007,I038,1,既存category代表品目から抽出,C-M007-04,小型家電・乾電池,対象品目,電池端子を絶縁・機器から電池を外す,販売店等,FALSE,CURRENT,,,S-M007-03,https://www.town.kami.miyagi.jp/soshikikarasagasu/chominka/kankyoeisei/3552.html,小型家電・乾電池,2026-08-17,INITIAL_REVIEW_REQUIRED,CATEGORY_LEVEL,UNREVIEWED,,,区分レベルデータから機械抽出。品目別公式根拠と条件枝の確認前はAPP_READYにしない。
MAP-M007-I039-01,M007,I039,1,既存category代表品目から抽出,C-M007-08,使用済み食用油,家庭の対象油,容器に入れ漏れ防止,専門業者,FALSE,CURRENT,,,S-M007-01,https://www.town.kami.miyagi.jp/soshikikarasagasu/chominka/kankyoeisei/847.html,使用済み食用油,2026-08-17,INITIAL_REVIEW_REQUIRED,CATEGORY_LEVEL,UNREVIEWED,,,区分レベルデータから機械抽出。品目別公式根拠と条件枝の確認前はAPP_READYにしない。
MAP-M008-I005-01,M008,I005,1,既存category代表品目から抽出,C-M008-04,資源回収（空き缶）,要品目別確認,洗って水切り,不燃ごみ,FALSE,CURRENT,,,S-M008-02,https://www.town.shirataka.lg.jp/secure/5260/bunnbetuAll.pdf,資源回収（空き缶）,2026-08-17,INITIAL_REVIEW_REQUIRED,CATEGORY_LEVEL,UNREVIEWED,,,区分レベルデータから機械抽出。品目別公式根拠と条件枝の確認前はAPP_READYにしない。
MAP-M008-I006-01,M008,I006,1,既存category代表品目から抽出,C-M008-05,資源回収（ガラスびん）,要品目別確認,洗って水切り・コンテナでは寝かせる,不燃ごみ,FALSE,CURRENT,,,S-M008-02,https://www.town.shirataka.lg.jp/secure/5260/bunnbetuAll.pdf,資源回収（ガラスびん）,2026-08-17,INITIAL_REVIEW_REQUIRED,CATEGORY_LEVEL,UNREVIEWED,,,区分レベルデータから機械抽出。品目別公式根拠と条件枝の確認前はAPP_READYにしない。
MAP-M008-I018-01,M008,I018,1,既存category代表品目から抽出,C-M008-01,可燃ごみ,要品目別確認,水切り・長い物は切る,各専用区分,FALSE,CURRENT,,,S-M008-02,https://www.town.shirataka.lg.jp/secure/5260/bunnbetuAll.pdf,可燃ごみ,2026-08-17,INITIAL_REVIEW_REQUIRED,CATEGORY_LEVEL,UNREVIEWED,,,区分レベルデータから機械抽出。品目別公式根拠と条件枝の確認前はAPP_READYにしない。
MAP-M008-I021-01,M008,I021,1,既存category代表品目から抽出,C-M008-07,資源回収（布類）,要品目別確認,洗濯し乾かす,可燃ごみ,FALSE,CURRENT,,,S-M008-02,https://www.town.shirataka.lg.jp/secure/5260/bunnbetuAll.pdf,資源回収（布類）,2026-08-17,INITIAL_REVIEW_REQUIRED,CATEGORY_LEVEL,UNREVIEWED,,,区分レベルデータから機械抽出。品目別公式根拠と条件枝の確認前はAPP_READYにしない。
MAP-M008-I023-01,M008,I023,1,既存category代表品目から抽出,C-M008-02,不燃ごみ,要品目別確認,割れ物を包み危険表示・コードを50cm程度に切る・電池を外す,各専用区分,FALSE,CURRENT,,,S-M008-02,https://www.town.shirataka.lg.jp/secure/5260/bunnbetuAll.pdf,不燃ごみ,2026-08-17,INITIAL_REVIEW_REQUIRED,CATEGORY_LEVEL,UNREVIEWED,,,区分レベルデータから機械抽出。品目別公式根拠と条件枝の確認前はAPP_READYにしない。
MAP-M008-I027-01,M008,I027,1,既存category代表品目から抽出,C-M008-08,有害ごみ,家庭用,電池を絶縁・破損防止,販売店等,FALSE,CURRENT,,,S-M008-02,https://www.town.shirataka.lg.jp/secure/5260/bunnbetuAll.pdf,有害ごみ,2026-08-17,INITIAL_REVIEW_REQUIRED,CATEGORY_LEVEL,UNREVIEWED,,,区分レベルデータから機械抽出。品目別公式根拠と条件枝の確認前はAPP_READYにしない。
MAP-M008-I030-01,M008,I030,1,既存category代表品目から抽出,C-M008-08,有害ごみ,家庭用,電池を絶縁・破損防止,販売店等,FALSE,CURRENT,,,S-M008-02,https://www.town.shirataka.lg.jp/secure/5260/bunnbetuAll.pdf,有害ごみ,2026-08-17,INITIAL_REVIEW_REQUIRED,CATEGORY_LEVEL,UNREVIEWED,,,区分レベルデータから機械抽出。品目別公式根拠と条件枝の確認前はAPP_READYにしない。
MAP-M008-I034-01,M008,I034,1,既存category代表品目から抽出,C-M008-02,不燃ごみ,要品目別確認,割れ物を包み危険表示・コードを50cm程度に切る・電池を外す,各専用区分,FALSE,CURRENT,,,S-M008-02,https://www.town.shirataka.lg.jp/secure/5260/bunnbetuAll.pdf,不燃ごみ,2026-08-17,INITIAL_REVIEW_REQUIRED,CATEGORY_LEVEL,UNREVIEWED,,,区分レベルデータから機械抽出。品目別公式根拠と条件枝の確認前はAPP_READYにしない。
MAP-M008-I037-01,M008,I037,1,既存category代表品目から抽出,C-M008-09,粗大ごみ,指定袋に入らない,電池・燃料を外す・スプリングを完全分離,専門業者・法定ルート,FALSE,CURRENT,,,S-M008-02,https://www.town.shirataka.lg.jp/secure/5260/bunnbetuAll.pdf,粗大ごみ,2026-08-17,INITIAL_REVIEW_REQUIRED,CATEGORY_LEVEL,UNREVIEWED,,,区分レベルデータから機械抽出。品目別公式根拠と条件枝の確認前はAPP_READYにしない。
MAP-M008-I037-02,M008,I037,2,既存category代表品目から抽出,C-M008-10,町で収集できないごみ,法定リサイクル・処理困難・事業由来,受入先の指示に従う,販売店・医療機関・専門業者,TRUE,CURRENT,,,S-M008-02,https://www.town.shirataka.lg.jp/secure/5260/bunnbetuAll.pdf,町で収集できないごみ,2026-08-17,INITIAL_REVIEW_REQUIRED,CATEGORY_LEVEL,UNREVIEWED,,,区分レベルデータから機械抽出。品目別公式根拠と条件枝の確認前はAPP_READYにしない。
MAP-M008-I038-01,M008,I038,1,既存category代表品目から抽出,C-M008-09,粗大ごみ,指定袋に入らない,電池・燃料を外す・スプリングを完全分離,専門業者・法定ルート,FALSE,CURRENT,,,S-M008-02,https://www.town.shirataka.lg.jp/secure/5260/bunnbetuAll.pdf,粗大ごみ,2026-08-17,INITIAL_REVIEW_REQUIRED,CATEGORY_LEVEL,UNREVIEWED,,,区分レベルデータから機械抽出。品目別公式根拠と条件枝の確認前はAPP_READYにしない。
MAP-M008-I038-02,M008,I038,2,既存category代表品目から抽出,C-M008-10,町で収集できないごみ,法定リサイクル・処理困難・事業由来,受入先の指示に従う,販売店・医療機関・専門業者,TRUE,CURRENT,,,S-M008-02,https://www.town.shirataka.lg.jp/secure/5260/bunnbetuAll.pdf,町で収集できないごみ,2026-08-17,INITIAL_REVIEW_REQUIRED,CATEGORY_LEVEL,UNREVIEWED,,,区分レベルデータから機械抽出。品目別公式根拠と条件枝の確認前はAPP_READYにしない。
MAP-M009-I001-01,M009,I001,1,既存category代表品目から抽出,C-M009-05,ペットボトル,要品目別確認,キャップとラベルを外しすすぐ,もやせるごみ等,FALSE,CURRENT,,,S-M009-02,https://www.town.oe.yamagata.jp/files/original/202403191138227511fcddfbe.pdf,ペットボトル,2026-08-17,INITIAL_REVIEW_REQUIRED,CATEGORY_LEVEL,UNREVIEWED,,,区分レベルデータから機械抽出。品目別公式根拠と条件枝の確認前はAPP_READYにしない。
MAP-M009-I005-01,M009,I005,1,既存category代表品目から抽出,C-M009-04,缶類,要品目別確認,中を空にしすすぐ,もやせないごみ,FALSE,CURRENT,,,S-M009-02,https://www.town.oe.yamagata.jp/files/original/202403191138227511fcddfbe.pdf,缶類,2026-08-17,INITIAL_REVIEW_REQUIRED,CATEGORY_LEVEL,UNREVIEWED,,,区分レベルデータから機械抽出。品目別公式根拠と条件枝の確認前はAPP_READYにしない。
MAP-M009-I006-01,M009,I006,1,既存category代表品目から抽出,C-M009-03,びん類,要品目別確認,キャップを外しすすぐ,もやせないごみ,FALSE,CURRENT,,,S-M009-02,https://www.town.oe.yamagata.jp/files/original/202403191138227511fcddfbe.pdf,びん類,2026-08-17,INITIAL_REVIEW_REQUIRED,CATEGORY_LEVEL,UNREVIEWED,,,区分レベルデータから機械抽出。品目別公式根拠と条件枝の確認前はAPP_READYにしない。
MAP-M009-I018-01,M009,I018,1,既存category代表品目から抽出,C-M009-01,もやせるごみ,要品目別確認,水切り・枝は長さ80cm以下・直径20cm以内で結束,各専用区分,FALSE,CURRENT,,,S-M009-02,https://www.town.oe.yamagata.jp/files/original/202403191138227511fcddfbe.pdf,もやせるごみ,2026-08-17,INITIAL_REVIEW_REQUIRED,CATEGORY_LEVEL,UNREVIEWED,,,区分レベルデータから機械抽出。品目別公式根拠と条件枝の確認前はAPP_READYにしない。
MAP-M009-I021-01,M009,I021,1,既存category代表品目から抽出,C-M009-01,もやせるごみ,要品目別確認,水切り・枝は長さ80cm以下・直径20cm以内で結束,各専用区分,FALSE,CURRENT,,,S-M009-02,https://www.town.oe.yamagata.jp/files/original/202403191138227511fcddfbe.pdf,もやせるごみ,2026-08-17,INITIAL_REVIEW_REQUIRED,CATEGORY_LEVEL,UNREVIEWED,,,区分レベルデータから機械抽出。品目別公式根拠と条件枝の確認前はAPP_READYにしない。
MAP-M009-I023-01,M009,I023,1,既存category代表品目から抽出,C-M009-02,もやせないごみ,要品目別確認,割れ物を包み表示・スプレー缶は使い切り穴を開けない,各専用区分,FALSE,CURRENT,,,S-M009-02,https://www.town.oe.yamagata.jp/files/original/202403191138227511fcddfbe.pdf,もやせないごみ,2026-08-17,INITIAL_REVIEW_REQUIRED,CATEGORY_LEVEL,UNREVIEWED,,,区分レベルデータから機械抽出。品目別公式根拠と条件枝の確認前はAPP_READYにしない。
MAP-M009-I027-01,M009,I027,1,既存category代表品目から抽出,C-M009-06,廃乾電池,家庭用,端子を絶縁,店頭回収・専門業者,FALSE,CURRENT,,,S-M009-02,https://www.town.oe.yamagata.jp/files/original/202403191138227511fcddfbe.pdf,廃乾電池,2026-08-17,INITIAL_REVIEW_REQUIRED,CATEGORY_LEVEL,UNREVIEWED,,,区分レベルデータから機械抽出。品目別公式根拠と条件枝の確認前はAPP_READYにしない。
MAP-M009-I030-01,M009,I030,1,既存category代表品目から抽出,C-M009-07,水銀含有ごみ,水銀使用製品,破損しないよう保護,もやせないごみ等,FALSE,CURRENT,,,S-M009-02,https://www.town.oe.yamagata.jp/files/original/202403191138227511fcddfbe.pdf,水銀含有ごみ,2026-08-17,INITIAL_REVIEW_REQUIRED,CATEGORY_LEVEL,UNREVIEWED,,,区分レベルデータから機械抽出。品目別公式根拠と条件枝の確認前はAPP_READYにしない。
MAP-M009-I032-01,M009,I032,1,既存category代表品目から抽出,C-M009-02,もやせないごみ,要品目別確認,割れ物を包み表示・スプレー缶は使い切り穴を開けない,各専用区分,FALSE,CURRENT,,,S-M009-02,https://www.town.oe.yamagata.jp/files/original/202403191138227511fcddfbe.pdf,もやせないごみ,2026-08-17,INITIAL_REVIEW_REQUIRED,CATEGORY_LEVEL,UNREVIEWED,,,区分レベルデータから機械抽出。品目別公式根拠と条件枝の確認前はAPP_READYにしない。
MAP-M009-I034-01,M009,I034,1,既存category代表品目から抽出,C-M009-02,もやせないごみ,要品目別確認,割れ物を包み表示・スプレー缶は使い切り穴を開けない,各専用区分,FALSE,CURRENT,,,S-M009-02,https://www.town.oe.yamagata.jp/files/original/202403191138227511fcddfbe.pdf,もやせないごみ,2026-08-17,INITIAL_REVIEW_REQUIRED,CATEGORY_LEVEL,UNREVIEWED,,,区分レベルデータから機械抽出。品目別公式根拠と条件枝の確認前はAPP_READYにしない。
MAP-M009-I037-01,M009,I037,1,既存category代表品目から抽出,C-M009-08,粗大ごみ,指定袋に入らない・品目表該当,電池・燃料を外す,販売店・専門業者,FALSE,CURRENT,,,S-M009-02,https://www.town.oe.yamagata.jp/files/original/202403191138227511fcddfbe.pdf,粗大ごみ,2026-08-17,INITIAL_REVIEW_REQUIRED,CATEGORY_LEVEL,UNREVIEWED,,,区分レベルデータから機械抽出。品目別公式根拠と条件枝の確認前はAPP_READYにしない。
MAP-M009-I037-02,M009,I037,2,既存category代表品目から抽出,C-M009-09,町で収集・処理できないもの,施設処理不可,受入先の指示に従う,販売店・専門業者・医療機関,TRUE,CURRENT,,,S-M009-02,https://www.town.oe.yamagata.jp/files/original/202403191138227511fcddfbe.pdf,町で収集・処理できないもの,2026-08-17,INITIAL_REVIEW_REQUIRED,CATEGORY_LEVEL,UNREVIEWED,,,区分レベルデータから機械抽出。品目別公式根拠と条件枝の確認前はAPP_READYにしない。
MAP-M010-I001-01,M010,I001,1,既存category代表品目から抽出,C-M010-07,ペットボトル,要品目別確認,キャップとラベルを外しすすぐ,プラスチック製容器包装等,FALSE,CURRENT,,,S-M010-01,https://www.city.utsunomiya.lg.jp/kurashi/gomi/kateigomi/dashikata/index.html,ペットボトル,2026-08-17,INITIAL_REVIEW_REQUIRED,CATEGORY_LEVEL,UNREVIEWED,,,区分レベルデータから機械抽出。品目別公式根拠と条件枝の確認前はAPP_READYにしない。
MAP-M010-I006-01,M010,I006,1,既存category代表品目から抽出,C-M010-06,びん缶類,要品目別確認,キャップを外しすすぐ,不燃ごみ,FALSE,CURRENT,,,S-M010-01,https://www.city.utsunomiya.lg.jp/kurashi/gomi/kateigomi/dashikata/index.html,びん缶類,2026-08-17,INITIAL_REVIEW_REQUIRED,CATEGORY_LEVEL,UNREVIEWED,,,区分レベルデータから機械抽出。品目別公式根拠と条件枝の確認前はAPP_READYにしない。
MAP-M010-I007-01,M010,I007,1,既存category代表品目から抽出,C-M010-08,白色トレイ,要品目別確認,洗って乾かす,プラスチック製容器包装または焼却ごみ,FALSE,CURRENT,,,S-M010-01,https://www.city.utsunomiya.lg.jp/kurashi/gomi/kateigomi/dashikata/index.html,白色トレイ,2026-08-17,INITIAL_REVIEW_REQUIRED,CATEGORY_LEVEL,UNREVIEWED,,,区分レベルデータから機械抽出。品目別公式根拠と条件枝の確認前はAPP_READYにしない。
MAP-M010-I013-01,M010,I013,1,既存category代表品目から抽出,C-M010-01,新聞,要品目別確認,ひもで結ぶ,焼却ごみ,FALSE,CURRENT,,,S-M010-01,https://www.city.utsunomiya.lg.jp/kurashi/gomi/kateigomi/dashikata/index.html,新聞,2026-08-17,INITIAL_REVIEW_REQUIRED,CATEGORY_LEVEL,UNREVIEWED,,,区分レベルデータから機械抽出。品目別公式根拠と条件枝の確認前はAPP_READYにしない。
MAP-M010-I014-01,M010,I014,1,既存category代表品目から抽出,C-M010-02,ダンボール,要品目別確認,たたみ結束,焼却ごみ,FALSE,CURRENT,,,S-M010-01,https://www.city.utsunomiya.lg.jp/kurashi/gomi/kateigomi/dashikata/index.html,ダンボール,2026-08-17,INITIAL_REVIEW_REQUIRED,CATEGORY_LEVEL,UNREVIEWED,,,区分レベルデータから機械抽出。品目別公式根拠と条件枝の確認前はAPP_READYにしない。
MAP-M010-I015-01,M010,I015,1,既存category代表品目から抽出,C-M010-03,雑誌・その他の紙,要品目別確認,結束または紙袋,焼却ごみ,FALSE,CURRENT,,,S-M010-01,https://www.city.utsunomiya.lg.jp/kurashi/gomi/kateigomi/dashikata/index.html,雑誌・その他の紙,2026-08-17,INITIAL_REVIEW_REQUIRED,CATEGORY_LEVEL,UNREVIEWED,,,区分レベルデータから機械抽出。品目別公式根拠と条件枝の確認前はAPP_READYにしない。
MAP-M010-I017-01,M010,I017,1,既存category代表品目から抽出,C-M010-04,紙パック,要品目別確認,洗って開き乾かす,焼却ごみ,FALSE,CURRENT,,,S-M010-01,https://www.city.utsunomiya.lg.jp/kurashi/gomi/kateigomi/dashikata/index.html,紙パック,2026-08-17,INITIAL_REVIEW_REQUIRED,CATEGORY_LEVEL,UNREVIEWED,,,区分レベルデータから機械抽出。品目別公式根拠と条件枝の確認前はAPP_READYにしない。
MAP-M010-I018-01,M010,I018,1,既存category代表品目から抽出,C-M010-10,焼却ごみ,要品目別確認,水切り・長い物を規定内にする,不燃ごみ等,FALSE,CURRENT,,,S-M010-01,https://www.city.utsunomiya.lg.jp/kurashi/gomi/kateigomi/dashikata/index.html,焼却ごみ,2026-08-17,INITIAL_REVIEW_REQUIRED,CATEGORY_LEVEL,UNREVIEWED,,,区分レベルデータから機械抽出。品目別公式根拠と条件枝の確認前はAPP_READYにしない。
MAP-M010-I021-01,M010,I021,1,既存category代表品目から抽出,C-M010-05,布類,再利用可能,洗ってたたむ,焼却ごみまたは粗大ごみ,FALSE,CURRENT,,,S-M010-01,https://www.city.utsunomiya.lg.jp/kurashi/gomi/kateigomi/dashikata/index.html,布類,2026-08-17,INITIAL_REVIEW_REQUIRED,CATEGORY_LEVEL,UNREVIEWED,,,区分レベルデータから機械抽出。品目別公式根拠と条件枝の確認前はAPP_READYにしない。
MAP-M010-I023-01,M010,I023,1,既存category代表品目から抽出,C-M010-11,不燃ごみ,縦横高さ50cm未満,電池を外し割れ物を包む,粗大ごみ・危険ごみ・メーカー回収,FALSE,CURRENT,,,S-M010-01,https://www.city.utsunomiya.lg.jp/kurashi/gomi/kateigomi/dashikata/index.html,不燃ごみ,2026-08-17,INITIAL_REVIEW_REQUIRED,CATEGORY_LEVEL,UNREVIEWED,,,区分レベルデータから機械抽出。品目別公式根拠と条件枝の確認前はAPP_READYにしない。
MAP-M010-I025-01,M010,I025,1,既存category代表品目から抽出,C-M010-06,びん缶類,要品目別確認,キャップを外しすすぐ,不燃ごみ,FALSE,CURRENT,,,S-M010-01,https://www.city.utsunomiya.lg.jp/kurashi/gomi/kateigomi/dashikata/index.html,びん缶類,2026-08-17,INITIAL_REVIEW_REQUIRED,CATEGORY_LEVEL,UNREVIEWED,,,区分レベルデータから機械抽出。品目別公式根拠と条件枝の確認前はAPP_READYにしない。
MAP-M010-I025-02,M010,I025,2,既存category代表品目から抽出,C-M010-13,危険ごみ（その他危険ごみ）,要品目別確認,使い切る・刃を保護・蛍光管を保護,不燃ごみ・医療機関・電池類,FALSE,CURRENT,,,S-M010-01,https://www.city.utsunomiya.lg.jp/kurashi/gomi/kateigomi/dashikata/index.html,危険ごみ（その他危険ごみ）,2026-08-17,INITIAL_REVIEW_REQUIRED,CATEGORY_LEVEL,UNREVIEWED,,,区分レベルデータから機械抽出。品目別公式根拠と条件枝の確認前はAPP_READYにしない。
MAP-M010-I026-01,M010,I026,1,既存category代表品目から抽出,C-M010-13,危険ごみ（その他危険ごみ）,要品目別確認,使い切る・刃を保護・蛍光管を保護,不燃ごみ・医療機関・電池類,FALSE,CURRENT,,,S-M010-01,https://www.city.utsunomiya.lg.jp/kurashi/gomi/kateigomi/dashikata/index.html,危険ごみ（その他危険ごみ）,2026-08-17,INITIAL_REVIEW_REQUIRED,CATEGORY_LEVEL,UNREVIEWED,,,区分レベルデータから機械抽出。品目別公式根拠と条件枝の確認前はAPP_READYにしない。
MAP-M010-I027-01,M010,I027,1,既存category代表品目から抽出,C-M010-12,危険ごみ（電池類）,家庭用電池,端子を絶縁,販売店等,FALSE,CURRENT,,,S-M010-01,https://www.city.utsunomiya.lg.jp/kurashi/gomi/kateigomi/dashikata/index.html,危険ごみ（電池類）,2026-08-17,INITIAL_REVIEW_REQUIRED,CATEGORY_LEVEL,UNREVIEWED,,,区分レベルデータから機械抽出。品目別公式根拠と条件枝の確認前はAPP_READYにしない。
MAP-M010-I028-01,M010,I028,1,既存category代表品目から抽出,C-M010-12,危険ごみ（電池類）,家庭用電池,端子を絶縁,販売店等,FALSE,CURRENT,,,S-M010-01,https://www.city.utsunomiya.lg.jp/kurashi/gomi/kateigomi/dashikata/index.html,危険ごみ（電池類）,2026-08-17,INITIAL_REVIEW_REQUIRED,CATEGORY_LEVEL,UNREVIEWED,,,区分レベルデータから機械抽出。品目別公式根拠と条件枝の確認前はAPP_READYにしない。
MAP-M010-I029-01,M010,I029,1,既存category代表品目から抽出,C-M010-12,危険ごみ（電池類）,家庭用電池,端子を絶縁,販売店等,FALSE,CURRENT,,,S-M010-01,https://www.city.utsunomiya.lg.jp/kurashi/gomi/kateigomi/dashikata/index.html,危険ごみ（電池類）,2026-08-17,INITIAL_REVIEW_REQUIRED,CATEGORY_LEVEL,UNREVIEWED,,,区分レベルデータから機械抽出。品目別公式根拠と条件枝の確認前はAPP_READYにしない。
MAP-M010-I030-01,M010,I030,1,既存category代表品目から抽出,C-M010-13,危険ごみ（その他危険ごみ）,要品目別確認,使い切る・刃を保護・蛍光管を保護,不燃ごみ・医療機関・電池類,FALSE,CURRENT,,,S-M010-01,https://www.city.utsunomiya.lg.jp/kurashi/gomi/kateigomi/dashikata/index.html,危険ごみ（その他危険ごみ）,2026-08-17,INITIAL_REVIEW_REQUIRED,CATEGORY_LEVEL,UNREVIEWED,,,区分レベルデータから機械抽出。品目別公式根拠と条件枝の確認前はAPP_READYにしない。
MAP-M010-I031-01,M010,I031,1,既存category代表品目から抽出,C-M010-13,危険ごみ（その他危険ごみ）,要品目別確認,使い切る・刃を保護・蛍光管を保護,不燃ごみ・医療機関・電池類,FALSE,CURRENT,,,S-M010-01,https://www.city.utsunomiya.lg.jp/kurashi/gomi/kateigomi/dashikata/index.html,危険ごみ（その他危険ごみ）,2026-08-17,INITIAL_REVIEW_REQUIRED,CATEGORY_LEVEL,UNREVIEWED,,,区分レベルデータから機械抽出。品目別公式根拠と条件枝の確認前はAPP_READYにしない。
MAP-M010-I032-01,M010,I032,1,既存category代表品目から抽出,C-M010-13,危険ごみ（その他危険ごみ）,要品目別確認,使い切る・刃を保護・蛍光管を保護,不燃ごみ・医療機関・電池類,FALSE,CURRENT,,,S-M010-01,https://www.city.utsunomiya.lg.jp/kurashi/gomi/kateigomi/dashikata/index.html,危険ごみ（その他危険ごみ）,2026-08-17,INITIAL_REVIEW_REQUIRED,CATEGORY_LEVEL,UNREVIEWED,,,区分レベルデータから機械抽出。品目別公式根拠と条件枝の確認前はAPP_READYにしない。
MAP-M010-I033-01,M010,I033,1,既存category代表品目から抽出,C-M010-13,危険ごみ（その他危険ごみ）,要品目別確認,使い切る・刃を保護・蛍光管を保護,不燃ごみ・医療機関・電池類,FALSE,CURRENT,,,S-M010-01,https://www.city.utsunomiya.lg.jp/kurashi/gomi/kateigomi/dashikata/index.html,危険ごみ（その他危険ごみ）,2026-08-17,INITIAL_REVIEW_REQUIRED,CATEGORY_LEVEL,UNREVIEWED,,,区分レベルデータから機械抽出。品目別公式根拠と条件枝の確認前はAPP_READYにしない。
MAP-M010-I037-01,M010,I037,1,既存category代表品目から抽出,C-M010-14,粗大ごみ,いずれか50cm以上,電池・燃料を外す,直接搬入・メーカー等,FALSE,CURRENT,,,S-M010-01,https://www.city.utsunomiya.lg.jp/kurashi/gomi/kateigomi/dashikata/index.html,粗大ごみ,2026-08-17,INITIAL_REVIEW_REQUIRED,CATEGORY_LEVEL,UNREVIEWED,,,区分レベルデータから機械抽出。品目別公式根拠と条件枝の確認前はAPP_READYにしない。
MAP-M010-I037-02,M010,I037,2,既存category代表品目から抽出,C-M010-15,市では収集しないごみ・処理できないごみ,法定リサイクル・施設処理不可,受入先の指示に従う,販売店・メーカー・専門業者,TRUE,CURRENT,,,S-M010-04,https://www.city.utsunomiya.lg.jp/kurashi/gomi/kateigomi/dashikata/1004978.html,市では収集しないごみ・処理できないごみ,2026-08-17,INITIAL_REVIEW_REQUIRED,CATEGORY_LEVEL,UNREVIEWED,,,区分レベルデータから機械抽出。品目別公式根拠と条件枝の確認前はAPP_READYにしない。
MAP-M010-I038-01,M010,I038,1,既存category代表品目から抽出,C-M010-11,不燃ごみ,縦横高さ50cm未満,電池を外し割れ物を包む,粗大ごみ・危険ごみ・メーカー回収,FALSE,CURRENT,,,S-M010-01,https://www.city.utsunomiya.lg.jp/kurashi/gomi/kateigomi/dashikata/index.html,不燃ごみ,2026-08-17,INITIAL_REVIEW_REQUIRED,CATEGORY_LEVEL,UNREVIEWED,,,区分レベルデータから機械抽出。品目別公式根拠と条件枝の確認前はAPP_READYにしない。
MAP-M010-I038-02,M010,I038,2,既存category代表品目から抽出,C-M010-14,粗大ごみ,いずれか50cm以上,電池・燃料を外す,直接搬入・メーカー等,FALSE,CURRENT,,,S-M010-01,https://www.city.utsunomiya.lg.jp/kurashi/gomi/kateigomi/dashikata/index.html,粗大ごみ,2026-08-17,INITIAL_REVIEW_REQUIRED,CATEGORY_LEVEL,UNREVIEWED,,,区分レベルデータから機械抽出。品目別公式根拠と条件枝の確認前はAPP_READYにしない。
MAP-M010-I038-03,M010,I038,3,既存category代表品目から抽出,C-M010-15,市では収集しないごみ・処理できないごみ,法定リサイクル・施設処理不可,受入先の指示に従う,販売店・メーカー・専門業者,TRUE,CURRENT,,,S-M010-04,https://www.city.utsunomiya.lg.jp/kurashi/gomi/kateigomi/dashikata/1004978.html,市では収集しないごみ・処理できないごみ,2026-08-17,INITIAL_REVIEW_REQUIRED,CATEGORY_LEVEL,UNREVIEWED,,,区分レベルデータから機械抽出。品目別公式根拠と条件枝の確認前はAPP_READYにしない。
MAP-M011-I001-01,M011,I001,1,既存category代表品目から抽出,C-M011-04,ペットボトル,飲料用,キャップとラベルを外し空にする,プラスチック資源等,FALSE,CURRENT,,,S-M011-02,https://www.town.oizumi.gunma.jp/s024/kurashi/010/010/110/R8-illust-j.pdf,ペットボトル,2026-08-17,INITIAL_REVIEW_REQUIRED,CATEGORY_LEVEL,UNREVIEWED,,,区分レベルデータから機械抽出。品目別公式根拠と条件枝の確認前はAPP_READYにしない。
MAP-M011-I004-01,M011,I004,1,既存category代表品目から抽出,C-M011-08,アルミ缶・スチール缶,飲食用,中を空にする,燃えないごみまたは危険な物,FALSE,CURRENT,,,S-M011-02,https://www.town.oizumi.gunma.jp/s024/kurashi/010/010/110/R8-illust-j.pdf,アルミ缶・スチール缶,2026-08-17,INITIAL_REVIEW_REQUIRED,CATEGORY_LEVEL,UNREVIEWED,,,区分レベルデータから機械抽出。品目別公式根拠と条件枝の確認前はAPP_READYにしない。
MAP-M011-I005-01,M011,I005,1,既存category代表品目から抽出,C-M011-08,アルミ缶・スチール缶,飲食用,中を空にする,燃えないごみまたは危険な物,FALSE,CURRENT,,,S-M011-02,https://www.town.oizumi.gunma.jp/s024/kurashi/010/010/110/R8-illust-j.pdf,アルミ缶・スチール缶,2026-08-17,INITIAL_REVIEW_REQUIRED,CATEGORY_LEVEL,UNREVIEWED,,,区分レベルデータから機械抽出。品目別公式根拠と条件枝の確認前はAPP_READYにしない。
MAP-M011-I006-01,M011,I006,1,既存category代表品目から抽出,C-M011-05,無色透明びん,飲食用,キャップを外し空にする,燃えないごみ,FALSE,CURRENT,,,S-M011-02,https://www.town.oizumi.gunma.jp/s024/kurashi/010/010/110/R8-illust-j.pdf,無色透明びん,2026-08-17,INITIAL_REVIEW_REQUIRED,CATEGORY_LEVEL,UNREVIEWED,,,区分レベルデータから機械抽出。品目別公式根拠と条件枝の確認前はAPP_READYにしない。
MAP-M011-I006-02,M011,I006,2,既存category代表品目から抽出,C-M011-06,茶色びん,飲食用,キャップを外し空にする,燃えないごみ,FALSE,CURRENT,,,S-M011-02,https://www.town.oizumi.gunma.jp/s024/kurashi/010/010/110/R8-illust-j.pdf,茶色びん,2026-08-17,INITIAL_REVIEW_REQUIRED,CATEGORY_LEVEL,UNREVIEWED,,,区分レベルデータから機械抽出。品目別公式根拠と条件枝の確認前はAPP_READYにしない。
MAP-M011-I006-03,M011,I006,3,既存category代表品目から抽出,C-M011-07,その他の色のびん,飲食用,キャップを外し空にする,燃えないごみ,FALSE,CURRENT,,,S-M011-02,https://www.town.oizumi.gunma.jp/s024/kurashi/010/010/110/R8-illust-j.pdf,その他の色のびん,2026-08-17,INITIAL_REVIEW_REQUIRED,CATEGORY_LEVEL,UNREVIEWED,,,区分レベルデータから機械抽出。品目別公式根拠と条件枝の確認前はAPP_READYにしない。
MAP-M011-I007-01,M011,I007,1,既存category代表品目から抽出,C-M011-09,白色トレイ,パリッと割れる発泡素材,洗って乾かす,燃えるごみ,FALSE,CURRENT,,,S-M011-02,https://www.town.oizumi.gunma.jp/s024/kurashi/010/010/110/R8-illust-j.pdf,白色トレイ,2026-08-17,INITIAL_REVIEW_REQUIRED,CATEGORY_LEVEL,UNREVIEWED,,,区分レベルデータから機械抽出。品目別公式根拠と条件枝の確認前はAPP_READYにしない。
MAP-M011-I013-01,M011,I013,1,既存category代表品目から抽出,C-M011-11,古新聞・古雑誌・段ボール・古布・その他の紙,資源化可能,紙は紙ひもで結束・雑紙は紙袋等,燃えるごみ,FALSE,CURRENT,,,S-M011-02,https://www.town.oizumi.gunma.jp/s024/kurashi/010/010/110/R8-illust-j.pdf,古新聞・古雑誌・段ボール・古布・その他の紙,2026-08-17,INITIAL_REVIEW_REQUIRED,CATEGORY_LEVEL,UNREVIEWED,,,区分レベルデータから機械抽出。品目別公式根拠と条件枝の確認前はAPP_READYにしない。
MAP-M011-I014-01,M011,I014,1,既存category代表品目から抽出,C-M011-11,古新聞・古雑誌・段ボール・古布・その他の紙,資源化可能,紙は紙ひもで結束・雑紙は紙袋等,燃えるごみ,FALSE,CURRENT,,,S-M011-02,https://www.town.oizumi.gunma.jp/s024/kurashi/010/010/110/R8-illust-j.pdf,古新聞・古雑誌・段ボール・古布・その他の紙,2026-08-17,INITIAL_REVIEW_REQUIRED,CATEGORY_LEVEL,UNREVIEWED,,,区分レベルデータから機械抽出。品目別公式根拠と条件枝の確認前はAPP_READYにしない。
MAP-M011-I015-01,M011,I015,1,既存category代表品目から抽出,C-M011-11,古新聞・古雑誌・段ボール・古布・その他の紙,資源化可能,紙は紙ひもで結束・雑紙は紙袋等,燃えるごみ,FALSE,CURRENT,,,S-M011-02,https://www.town.oizumi.gunma.jp/s024/kurashi/010/010/110/R8-illust-j.pdf,古新聞・古雑誌・段ボール・古布・その他の紙,2026-08-17,INITIAL_REVIEW_REQUIRED,CATEGORY_LEVEL,UNREVIEWED,,,区分レベルデータから機械抽出。品目別公式根拠と条件枝の確認前はAPP_READYにしない。
MAP-M011-I017-01,M011,I017,1,既存category代表品目から抽出,C-M011-10,紙パック,要品目別確認,洗って開き乾かす,燃えるごみ,FALSE,CURRENT,,,S-M011-02,https://www.town.oizumi.gunma.jp/s024/kurashi/010/010/110/R8-illust-j.pdf,紙パック,2026-08-17,INITIAL_REVIEW_REQUIRED,CATEGORY_LEVEL,UNREVIEWED,,,区分レベルデータから機械抽出。品目別公式根拠と条件枝の確認前はAPP_READYにしない。
MAP-M011-I018-01,M011,I018,1,既存category代表品目から抽出,C-M011-01,燃えるごみ,要品目別確認,水切り・布団を小さく結束・枝木は規定内,各専用区分,FALSE,CURRENT,,,S-M011-02,https://www.town.oizumi.gunma.jp/s024/kurashi/010/010/110/R8-illust-j.pdf,燃えるごみ,2026-08-17,INITIAL_REVIEW_REQUIRED,CATEGORY_LEVEL,UNREVIEWED,,,区分レベルデータから機械抽出。品目別公式根拠と条件枝の確認前はAPP_READYにしない。
MAP-M011-I022-01,M011,I022,1,既存category代表品目から抽出,C-M011-02,燃えないごみ,1辺60cm以内,電池を外し割れ物を包む,粗大ごみ・資源ごみ・危険な物,FALSE,CURRENT,,,S-M011-02,https://www.town.oizumi.gunma.jp/s024/kurashi/010/010/110/R8-illust-j.pdf,燃えないごみ,2026-08-17,INITIAL_REVIEW_REQUIRED,CATEGORY_LEVEL,UNREVIEWED,,,区分レベルデータから機械抽出。品目別公式根拠と条件枝の確認前はAPP_READYにしない。
MAP-M011-I024-01,M011,I024,1,既存category代表品目から抽出,C-M011-02,燃えないごみ,1辺60cm以内,電池を外し割れ物を包む,粗大ごみ・資源ごみ・危険な物,FALSE,CURRENT,,,S-M011-02,https://www.town.oizumi.gunma.jp/s024/kurashi/010/010/110/R8-illust-j.pdf,燃えないごみ,2026-08-17,INITIAL_REVIEW_REQUIRED,CATEGORY_LEVEL,UNREVIEWED,,,区分レベルデータから機械抽出。品目別公式根拠と条件枝の確認前はAPP_READYにしない。
MAP-M011-I027-01,M011,I027,1,既存category代表品目から抽出,C-M011-12,危険な物,家庭用,スプレー缶は使い切り穴を開けない・電池は絶縁,燃えないごみ等,FALSE,CURRENT,,,S-M011-02,https://www.town.oizumi.gunma.jp/s024/kurashi/010/010/110/R8-illust-j.pdf,危険な物,2026-08-17,INITIAL_REVIEW_REQUIRED,CATEGORY_LEVEL,UNREVIEWED,,,区分レベルデータから機械抽出。品目別公式根拠と条件枝の確認前はAPP_READYにしない。
MAP-M011-I030-01,M011,I030,1,既存category代表品目から抽出,C-M011-12,危険な物,家庭用,スプレー缶は使い切り穴を開けない・電池は絶縁,燃えないごみ等,FALSE,CURRENT,,,S-M011-02,https://www.town.oizumi.gunma.jp/s024/kurashi/010/010/110/R8-illust-j.pdf,危険な物,2026-08-17,INITIAL_REVIEW_REQUIRED,CATEGORY_LEVEL,UNREVIEWED,,,区分レベルデータから機械抽出。品目別公式根拠と条件枝の確認前はAPP_READYにしない。
MAP-M011-I031-01,M011,I031,1,既存category代表品目から抽出,C-M011-12,危険な物,家庭用,スプレー缶は使い切り穴を開けない・電池は絶縁,燃えないごみ等,FALSE,CURRENT,,,S-M011-02,https://www.town.oizumi.gunma.jp/s024/kurashi/010/010/110/R8-illust-j.pdf,危険な物,2026-08-17,INITIAL_REVIEW_REQUIRED,CATEGORY_LEVEL,UNREVIEWED,,,区分レベルデータから機械抽出。品目別公式根拠と条件枝の確認前はAPP_READYにしない。
MAP-M011-I032-01,M011,I032,1,既存category代表品目から抽出,C-M011-08,アルミ缶・スチール缶,飲食用,中を空にする,燃えないごみまたは危険な物,FALSE,CURRENT,,,S-M011-02,https://www.town.oizumi.gunma.jp/s024/kurashi/010/010/110/R8-illust-j.pdf,アルミ缶・スチール缶,2026-08-17,INITIAL_REVIEW_REQUIRED,CATEGORY_LEVEL,UNREVIEWED,,,区分レベルデータから機械抽出。品目別公式根拠と条件枝の確認前はAPP_READYにしない。
MAP-M011-I032-02,M011,I032,2,既存category代表品目から抽出,C-M011-12,危険な物,家庭用,スプレー缶は使い切り穴を開けない・電池は絶縁,燃えないごみ等,FALSE,CURRENT,,,S-M011-02,https://www.town.oizumi.gunma.jp/s024/kurashi/010/010/110/R8-illust-j.pdf,危険な物,2026-08-17,INITIAL_REVIEW_REQUIRED,CATEGORY_LEVEL,UNREVIEWED,,,区分レベルデータから機械抽出。品目別公式根拠と条件枝の確認前はAPP_READYにしない。
MAP-M011-I033-01,M011,I033,1,既存category代表品目から抽出,C-M011-12,危険な物,家庭用,スプレー缶は使い切り穴を開けない・電池は絶縁,燃えないごみ等,FALSE,CURRENT,,,S-M011-02,https://www.town.oizumi.gunma.jp/s024/kurashi/010/010/110/R8-illust-j.pdf,危険な物,2026-08-17,INITIAL_REVIEW_REQUIRED,CATEGORY_LEVEL,UNREVIEWED,,,区分レベルデータから機械抽出。品目別公式根拠と条件枝の確認前はAPP_READYにしない。
MAP-M011-I034-01,M011,I034,1,既存category代表品目から抽出,C-M011-02,燃えないごみ,1辺60cm以内,電池を外し割れ物を包む,粗大ごみ・資源ごみ・危険な物,FALSE,CURRENT,,,S-M011-02,https://www.town.oizumi.gunma.jp/s024/kurashi/010/010/110/R8-illust-j.pdf,燃えないごみ,2026-08-17,INITIAL_REVIEW_REQUIRED,CATEGORY_LEVEL,UNREVIEWED,,,区分レベルデータから機械抽出。品目別公式根拠と条件枝の確認前はAPP_READYにしない。
MAP-M011-I036-01,M011,I036,1,既存category代表品目から抽出,C-M011-01,燃えるごみ,要品目別確認,水切り・布団を小さく結束・枝木は規定内,各専用区分,FALSE,CURRENT,,,S-M011-02,https://www.town.oizumi.gunma.jp/s024/kurashi/010/010/110/R8-illust-j.pdf,燃えるごみ,2026-08-17,INITIAL_REVIEW_REQUIRED,CATEGORY_LEVEL,UNREVIEWED,,,区分レベルデータから機械抽出。品目別公式根拠と条件枝の確認前はAPP_READYにしない。
MAP-M011-I037-01,M011,I037,1,既存category代表品目から抽出,C-M011-13,粗大ごみ,60cm以上・軽トラ1台程度まで,電池・燃料を外す,許可業者・法定ルート,FALSE,CURRENT,,,S-M011-02,https://www.town.oizumi.gunma.jp/s024/kurashi/010/010/110/R8-illust-j.pdf,粗大ごみ,2026-08-17,INITIAL_REVIEW_REQUIRED,CATEGORY_LEVEL,UNREVIEWED,,,区分レベルデータから機械抽出。品目別公式根拠と条件枝の確認前はAPP_READYにしない。
MAP-M011-I037-02,M011,I037,2,既存category代表品目から抽出,C-M011-15,ステーションに出せないごみ,法定リサイクル・処理困難・大型,受入先の指示に従う,施設自己搬入・販売店・許可業者,TRUE,CURRENT,,,S-M011-02,https://www.town.oizumi.gunma.jp/s024/kurashi/010/010/110/R8-illust-j.pdf,ステーションに出せないごみ,2026-08-17,INITIAL_REVIEW_REQUIRED,CATEGORY_LEVEL,UNREVIEWED,,,区分レベルデータから機械抽出。品目別公式根拠と条件枝の確認前はAPP_READYにしない。
MAP-M011-I038-01,M011,I038,1,既存category代表品目から抽出,C-M011-15,ステーションに出せないごみ,法定リサイクル・処理困難・大型,受入先の指示に従う,施設自己搬入・販売店・許可業者,TRUE,CURRENT,,,S-M011-02,https://www.town.oizumi.gunma.jp/s024/kurashi/010/010/110/R8-illust-j.pdf,ステーションに出せないごみ,2026-08-17,INITIAL_REVIEW_REQUIRED,CATEGORY_LEVEL,UNREVIEWED,,,区分レベルデータから機械抽出。品目別公式根拠と条件枝の確認前はAPP_READYにしない。
MAP-M011-I040-01,M011,I040,1,既存category代表品目から抽出,C-M011-01,燃えるごみ,要品目別確認,水切り・布団を小さく結束・枝木は規定内,各専用区分,FALSE,CURRENT,,,S-M011-02,https://www.town.oizumi.gunma.jp/s024/kurashi/010/010/110/R8-illust-j.pdf,燃えるごみ,2026-08-17,INITIAL_REVIEW_REQUIRED,CATEGORY_LEVEL,UNREVIEWED,,,区分レベルデータから機械抽出。品目別公式根拠と条件枝の確認前はAPP_READYにしない。
MAP-M011-I040-02,M011,I040,2,既存category代表品目から抽出,C-M011-14,剪定枝,町案内の条件内,枝以外を除く,燃えるごみまたは専門業者,FALSE,CURRENT,,,S-M011-02,https://www.town.oizumi.gunma.jp/s024/kurashi/010/010/110/R8-illust-j.pdf,剪定枝,2026-08-17,INITIAL_REVIEW_REQUIRED,CATEGORY_LEVEL,UNREVIEWED,,,区分レベルデータから機械抽出。品目別公式根拠と条件枝の確認前はAPP_READYにしない。
