municipality_id,candidate_id,source_page,anchor_text,official_url,host,authority_type,fetch_status,http_status,text_chars,item_hit_count,category_hit_count,matched_items,recommended,reason,checked_date
M001,DISC-M001-F84302A1D0,https://www.town.yamada.iwate.jp/docs/8354.html,ごみの分別受入れ辞典,http://www.miyako-kouiki.jp/10ukeire_jiten.html,www.miyako-kouiki.jp,INTERMUNICIPAL_AUTHORITY_DOMAIN,OK,200,2558,0,0,,FALSE,official candidate but insufficient extracted item/category coverage,2026-08-20
M004,DISC-M004-F57E521260,https://www.town.shiwa.iwate.jp/kurashi/gomi/1_bunebetsu/2351.html,【ごみの分け方と出し方】資源ごみ／紫波町,https://www.town.shiwa.iwate.jp/kurashi/gomi/1_bunebetsu/2348.html/,www.town.shiwa.iwate.jp,MUNICIPAL_DOMAIN,OK,200,2386,10,12,I002|I013|I014|I015|I017|I018|I019|I021|I027|I032,TRUE,high-value official item/index text,2026-08-20
M004,DISC-M004-C21B48CE20,https://www.town.shiwa.iwate.jp/kurashi/gomi/1_bunebetsu/2351.html,【ごみの分け方と出し方】燃やせるごみ／紫波町,https://www.town.shiwa.iwate.jp/kurashi/gomi/1_bunebetsu/2360.html/,www.town.shiwa.iwate.jp,MUNICIPAL_DOMAIN,OK,200,1423,6,6,I018|I027|I032|I033|I039|I040,TRUE,high-value official item/index text,2026-08-20
M004,DISC-M004-FC8704DD8A,https://www.town.shiwa.iwate.jp/kurashi/gomi/1_bunebetsu/2351.html,【ごみの分け方と出し方】有害・危険ごみ及び乾電池／紫波町,https://www.town.shiwa.iwate.jp/kurashi/gomi/1_bunebetsu/2353.html/,www.town.shiwa.iwate.jp,MUNICIPAL_DOMAIN,OK,200,1491,5,8,I018|I027|I030|I031|I033,TRUE,high-value official item/index text,2026-08-20
M004,DISC-M004-D4FAB31E36,https://www.town.shiwa.iwate.jp/kurashi/gomi/1_bunebetsu/2351.html,【ごみの分け方と出し方】収集・受入しないもの／紫波町,https://www.town.shiwa.iwate.jp/kurashi/gomi/1_bunebetsu/2358.html/,www.town.shiwa.iwate.jp,MUNICIPAL_DOMAIN,OK,200,3000,5,6,I018|I021|I027|I037|I038,TRUE,high-value official item/index text,2026-08-20
M004,DISC-M004-6F896AA4F3,https://www.town.shiwa.iwate.jp/kurashi/gomi/1_bunebetsu/2351.html,【ごみの分け方と出し方】大形・不燃ごみ／紫波町,https://www.town.shiwa.iwate.jp/kurashi/gomi/1_bunebetsu/2351.html/,www.town.shiwa.iwate.jp,MUNICIPAL_DOMAIN,OK,200,1977,3,6,I018|I024|I027,FALSE,official candidate but insufficient extracted item/category coverage,2026-08-20
M004,DISC-M004-953043E75C,https://www.town.shiwa.iwate.jp/kurashi/gomi/1_bunebetsu/2351.html,ごみの分け方と出し方,https://www.town.shiwa.iwate.jp/kurashi/gomi/1_bunebetsu/,www.town.shiwa.iwate.jp,MUNICIPAL_DOMAIN,OK,200,1103,2,6,I018|I027,FALSE,official candidate but insufficient extracted item/category coverage,2026-08-20
M004,DISC-M004-676C0B1AC1,https://www.town.shiwa.iwate.jp/kurashi/gomi/1_bunebetsu/2351.html,【ごみの分け方と出し方】生ごみ／紫波町,https://www.town.shiwa.iwate.jp/kurashi/gomi/1_bunebetsu/2346.html/,www.town.shiwa.iwate.jp,MUNICIPAL_DOMAIN,OK,200,1664,2,6,I018|I027,FALSE,official candidate but insufficient extracted item/category coverage,2026-08-20
M004,DISC-M004-C9EB931814,https://www.town.shiwa.iwate.jp/kurashi/gomi/1_bunebetsu/2351.html,【ごみの分け方と出し方】直接搬入ごみ／紫波町,https://www.town.shiwa.iwate.jp/kurashi/gomi/1_bunebetsu/2357.html/,www.town.shiwa.iwate.jp,MUNICIPAL_DOMAIN,OK,200,1808,2,6,I018|I027,FALSE,official candidate but insufficient extracted item/category coverage,2026-08-20
M004,DISC-M004-D52F7F9659,https://www.town.shiwa.iwate.jp/kurashi/gomi/1_bunebetsu/2351.html,【ごみの分け方と出し方】その他のごみ／紫波町,https://www.town.shiwa.iwate.jp/kurashi/gomi/1_bunebetsu/2359.html/,www.town.shiwa.iwate.jp,MUNICIPAL_DOMAIN,OK,200,1464,2,6,I018|I027,FALSE,official candidate but insufficient extracted item/category coverage,2026-08-20
M006,DISC-M006-57105356E0,https://www.town.ogawara.miyagi.jp/1406.htm,ごみ分別アプリ配信について,https://www.town.ogawara.miyagi.jp/3558.htm,www.town.ogawara.miyagi.jp,MUNICIPAL_DOMAIN,OK,200,2652,4,0,I018|I027|I034|I038,FALSE,official candidate but insufficient extracted item/category coverage,2026-08-20
M006,DISC-M006-665160BFD0,https://www.town.ogawara.miyagi.jp/1406.htm,ごみの捨て方,https://www.town.ogawara.miyagi.jp/secure/1434/hp kateigomi.pdf,www.town.ogawara.miyagi.jp,MUNICIPAL_DOMAIN,OK,200,907,4,0,I002|I003|I018|I019,FALSE,official candidate but insufficient extracted item/category coverage,2026-08-20
M006,DISC-M006-52E2F5774F,https://www.town.ogawara.miyagi.jp/1406.htm,令和8年度（4月～9月）,https://www.town.ogawara.miyagi.jp/secure/1434/2026大河原町ゴミカレンダーウラA2_Sanitized (1).pdf,www.town.ogawara.miyagi.jp,MUNICIPAL_DOMAIN,OK,200,3701,0,0,,FALSE,official candidate but insufficient extracted item/category coverage,2026-08-20
M006,DISC-M006-47B4B87121,https://www.town.ogawara.miyagi.jp/1406.htm,令和8年度（10月～3月）,https://www.town.ogawara.miyagi.jp/secure/1434/2026大河原町ゴミカレンダーオモテA2_Sanitized (2).pdf,www.town.ogawara.miyagi.jp,MUNICIPAL_DOMAIN,OK,200,4194,0,0,,FALSE,official candidate but insufficient extracted item/category coverage,2026-08-20
M006,DISC-M006-381F9C4D8F,https://www.town.ogawara.miyagi.jp/1406.htm,令和7年度（4月～9月）,https://www.town.ogawara.miyagi.jp/secure/1434/大河原町ごみカレンダー2025-ウラ_Sanitized.pdf,www.town.ogawara.miyagi.jp,MUNICIPAL_DOMAIN,ERROR,200,0,0,0,,FALSE,official candidate but insufficient extracted item/category coverage,2026-08-20
M006,DISC-M006-ED22310B4B,https://www.town.ogawara.miyagi.jp/1406.htm,令和7年度（10月～3月）,https://www.town.ogawara.miyagi.jp/secure/1434/大河原町ごみカレンダー2025-オモテ_Sanitized.pdf,www.town.ogawara.miyagi.jp,MUNICIPAL_DOMAIN,ERROR,200,0,0,0,,FALSE,official candidate but insufficient extracted item/category coverage,2026-08-20
M008,DISC-M008-97E9C3CEFF,https://www.town.shirataka.lg.jp/1204.htm,スプレー缶・充電式電池等の分別方法,https://www.town.shirataka.lg.jp/secure/6476/R3.4kara.pdf,www.town.shirataka.lg.jp,MUNICIPAL_DOMAIN,OK,200,1128,6,2,I002|I027|I028|I029|I032|I034,TRUE,high-value official item/index text,2026-08-20
M008,DISC-M008-C49E711DBF,https://www.town.shirataka.lg.jp/1204.htm,【粗大ごみ処理手数料一覧】,https://www.town.shirataka.lg.jp/secure/6478/sodaiichiran.pdf,www.town.shirataka.lg.jp,MUNICIPAL_DOMAIN,OK,200,5034,4,1,I022|I024|I030|I036,FALSE,official candidate but insufficient extracted item/category coverage,2026-08-20
M008,DISC-M008-2CC4E34A3F,https://www.town.shirataka.lg.jp/1206.htm,ごみ分別ハンドブック,https://www.town.shirataka.lg.jp/1872.htm,www.town.shirataka.lg.jp,MUNICIPAL_DOMAIN,OK,200,1632,0,0,,FALSE,official candidate but insufficient extracted item/category coverage,2026-08-20
M008,DISC-M008-5BDC9AA177,https://www.town.shirataka.lg.jp/1204.htm,ごみの分け方・出し方一覧表,https://www.town.shirataka.lg.jp/secure/6477/gominodasikataR8.pdf,www.town.shirataka.lg.jp,MUNICIPAL_DOMAIN,ERROR,200,0,0,0,,FALSE,official candidate but insufficient extracted item/category coverage,2026-08-20
M008,DISC-M008-5523E9DF04,https://www.town.shirataka.lg.jp/1204.htm,事業系ごみの分け方・出し方,https://www.town.shirataka.lg.jp/secure/6479/jigyoukeigomi.pdf,www.town.shirataka.lg.jp,MUNICIPAL_DOMAIN,OK,200,15676,0,0,,FALSE,official candidate but insufficient extracted item/category coverage,2026-08-20
M008,DISC-M008-422F5D6CEC,https://www.town.shirataka.lg.jp/1206.htm,ごみの分け方・出し方,https://www.town.shirataka.lg.jp/secure/7300/gominodasikataR8.pdf,www.town.shirataka.lg.jp,MUNICIPAL_DOMAIN,ERROR,200,0,0,0,,FALSE,official candidate but insufficient extracted item/category coverage,2026-08-20
M009,DISC-M009-282E94F238,https://www.town.oe.yamagata.jp/news/1275,「（チラシ）事業系ごみの分け方・出し方（令和６年４月版）（継続）」をダウンロードする（PDF：803kB）,https://www.town.oe.yamagata.jp/files/original/20260716093535557e4c4b42d.pdf,www.town.oe.yamagata.jp,MUNICIPAL_DOMAIN,OK,200,148,1,0,I027,FALSE,official candidate but insufficient extracted item/category coverage,2026-08-20
M009,DISC-M009-BE3D64C93F,https://www.town.oe.yamagata.jp/news/1275,「令和８年度家庭系ごみ収集カレンダー」をダウンロードする（PDF：2.1MB）,https://www.town.oe.yamagata.jp/files/original/20260401202601119e6645bc7.pdf,www.town.oe.yamagata.jp,MUNICIPAL_DOMAIN,ERROR,200,0,0,0,,FALSE,official candidate but insufficient extracted item/category coverage,2026-08-20
M009,DISC-M009-6A0FBE0497,https://www.town.oe.yamagata.jp/news/1275,「令和８年度粗大ごみの地区別収集日程表及び処理手数料」をダウンロードする（PDF：1.1MB）,https://www.town.oe.yamagata.jp/files/original/2026040120273513865d0c507.pdf,www.town.oe.yamagata.jp,MUNICIPAL_DOMAIN,ERROR,200,0,0,0,,FALSE,official candidate but insufficient extracted item/category coverage,2026-08-20
M009,DISC-M009-15C2346310,https://www.town.oe.yamagata.jp/news/1275,「（チラシ）家庭系ごみの分け方・出し方（令和６年４月版）（継続）」をダウンロードする（PDF：1.3MB）,https://www.town.oe.yamagata.jp/files/original/202607160935211862f8d84d5.pdf,www.town.oe.yamagata.jp,MUNICIPAL_DOMAIN,OK,200,1958,0,0,,FALSE,official candidate but insufficient extracted item/category coverage,2026-08-20
M018,DISC-M018-92EFCAF1F7,https://www.city.mizuho.lg.jp/1750.htm,ごみ分別早見表(pdf 1513KB),https://www.city.mizuho.lg.jp/secure/1610/R7-12.2.pdf,www.city.mizuho.lg.jp,MUNICIPAL_DOMAIN,OK,200,18864,20,8,I001|I012|I013|I015|I016|I018|I020|I021|I022|I023|I024|I026|I027|I029|I030|I031|I033|I036|I038|I039,TRUE,high-value official item/index text,2026-08-20
M018,DISC-M018-4D00A64470,https://www.city.mizuho.lg.jp/1750.htm,家電４品目（テレビ・洗濯機・冷蔵庫・エアコン）の自宅回収サービス,https://www.city.mizuho.lg.jp/12738.htm,www.city.mizuho.lg.jp,MUNICIPAL_DOMAIN,OK,200,2250,6,6,I001|I019|I021|I034|I037|I038,TRUE,high-value official item/index text,2026-08-20
M018,DISC-M018-35BE596A06,https://www.city.mizuho.lg.jp/1750.htm,ごみ分別Q&A(pdf 527KB),https://www.city.mizuho.lg.jp/secure/1610/R7-15.3.pdf,www.city.mizuho.lg.jp,MUNICIPAL_DOMAIN,OK,200,2326,1,2,I019,FALSE,official candidate but insufficient extracted item/category coverage,2026-08-20
M018,DISC-M018-F5EBF694E1,https://www.city.mizuho.lg.jp/1750.htm,粗大ごみ(pdf 727KB),https://www.city.mizuho.lg.jp/secure/1610/R7-10-2.pdf,www.city.mizuho.lg.jp,MUNICIPAL_DOMAIN,ERROR,200,0,0,0,,FALSE,official candidate but insufficient extracted item/category coverage,2026-08-20
M018,DISC-M018-550AB1486A,https://www.city.mizuho.lg.jp/1750.htm,可燃ごみ(pdf 190KB),https://www.city.mizuho.lg.jp/secure/1610/R7-2.pdf,www.city.mizuho.lg.jp,MUNICIPAL_DOMAIN,ERROR,200,0,0,0,,FALSE,official candidate but insufficient extracted item/category coverage,2026-08-20
M018,DISC-M018-92B3C37EB0,https://www.city.mizuho.lg.jp/1750.htm,ごみ分別の手引きアプリ版案内(pdf 244KB),https://www.city.mizuho.lg.jp/secure/1610/tebikiapp.pdf,www.city.mizuho.lg.jp,MUNICIPAL_DOMAIN,OK,200,280,0,0,,FALSE,official candidate but insufficient extracted item/category coverage,2026-08-20
M030,DISC-M030-9DDC7F72D0,https://www.city.yonago.lg.jp/10367.htm,ごみ分別早見表【一括版】,https://www.city.yonago.lg.jp/secure/12076/202605_hayamihyou_all_1.pdf,www.city.yonago.lg.jp,MUNICIPAL_DOMAIN,OK,200,44372,34,8,I001|I002|I003|I005|I006|I009|I011|I012|I013|I014|I015|I016|I017|I018|I019|I020|I021|I022|I023|I024|I025|I026|I027|I028|I029|I030|I031|I032|I033|I034|I036|I037|I038|I039,TRUE,high-value official item/index text,2026-08-20
M030,DISC-M030-DA80E1BEC4,https://www.city.yonago.lg.jp/1879.htm,ごみ分別収集カレンダー＆健康ガイド・国保ガイド,https://www.city.yonago.lg.jp/45368.htm,www.city.yonago.lg.jp,MUNICIPAL_DOMAIN,OK,200,4556,7,2,I001|I012|I029|I030|I034|I037|I038,TRUE,high-value official item/index text,2026-08-20
M030,DISC-M030-B1CFDF46A2,https://www.city.yonago.lg.jp/1879.htm,家電リサイクル（家電4品目）,https://www.city.yonago.lg.jp/6336.htm,www.city.yonago.lg.jp,MUNICIPAL_DOMAIN,OK,200,3852,7,1,I001|I021|I029|I030|I034|I037|I038,TRUE,high-value official item/index text,2026-08-20
M031,DISC-M031-B813F00318,https://www.city.kurayoshi.lg.jp/1878.htm,▶ごみの区分と出し方(保存版）PDF形式,https://www.city.kurayoshi.lg.jp/secure/1919/gominoqu-fen-tochu-shifang-ce-zi.pdf,www.city.kurayoshi.lg.jp,MUNICIPAL_DOMAIN,ERROR,200,0,0,0,,FALSE,official candidate but insufficient extracted item/category coverage,2026-08-20
M032,DISC-M032-5E304A157F,https://www.city.sakaiminato.lg.jp/index.php?view=108858,ごみ分別早見表,https://www.city.sakaiminato.lg.jp/upload/user/00105743-LkMPKX.pdf,www.city.sakaiminato.lg.jp,MUNICIPAL_DOMAIN,OK,200,48700,33,2,I001|I002|I003|I005|I006|I009|I011|I012|I013|I014|I015|I016|I017|I018|I019|I020|I021|I022|I023|I024|I025|I026|I027|I028|I030|I031|I032|I033|I034|I036|I037|I038|I039,TRUE,high-value official item/index text,2026-08-20
M032,DISC-M032-E2C18D8B24,https://www.city.sakaiminato.lg.jp/index.php?view=108858,家庭ごみの分け方出し方（ごみ分別収集カレンダー）,https://www.city.sakaiminato.lg.jp/upload/user/00105743-Gi8p08.pdf,www.city.sakaiminato.lg.jp,MUNICIPAL_DOMAIN,OK,200,6495,27,2,I001|I002|I003|I006|I011|I012|I013|I014|I015|I016|I017|I018|I020|I021|I023|I025|I026|I027|I028|I029|I030|I031|I032|I036|I037|I038|I040,TRUE,high-value official item/index text,2026-08-20
M032,DISC-M032-1A7B790C8E,https://www.city.sakaiminato.lg.jp/index.php?view=108858,家庭の軟質プラスチック類の分け方出し方,https://www.city.sakaiminato.lg.jp/upload/user/00105743-E8ut9K.pdf,www.city.sakaiminato.lg.jp,MUNICIPAL_DOMAIN,OK,200,934,0,0,,FALSE,official candidate but insufficient extracted item/category coverage,2026-08-20
M033,DISC-M033-14B5377EAA,https://www.iwami.gr.jp/1111.htm,家庭ごみの分け方・出し方ガイドブック,https://www.iwami.gr.jp/dd.aspx?itemid=6045,www.iwami.gr.jp,MUNICIPAL_DOMAIN,OK,200,2223,6,0,I016|I021|I027|I034|I036|I038,FALSE,official candidate but insufficient extracted item/category coverage,2026-08-20
M041,DISC-M041-E38D898982,https://www.hiezu.jp/%E5%90%84%E8%AA%B2%E4%B8%80%E8%A6%A7/%E4%BD%8F%E6%B0%91%E8%AA%B2/%E7%92%B0%E5%A2%83%E3%83%BB%E3%82%B4%E3%83%9F/%E3%82%B4%E3%83%9F/%E3%82%B4%E3%83%9F%E3%81%AE%E5%88%86%E3%81%91%E6%96%B9%E3%81%AB%E3%81%A4%E3%81%84%E3%81%A6/,家庭ゴミの分け方詳細版（令和５年３月改定）(PDF形式),https://www.hiezu.jp/wp-content/uploads/2026/03/r4gomifen-kefang-zao-jian-biao.pdf,www.hiezu.jp,MUNICIPAL_DOMAIN,OK,200,48025,34,3,I001|I002|I003|I005|I006|I009|I011|I012|I013|I014|I015|I016|I017|I018|I019|I020|I021|I022|I023|I024|I025|I026|I027|I028|I030|I031|I032|I033|I034|I036|I037|I038|I039|I040,TRUE,high-value official item/index text,2026-08-20
M041,DISC-M041-3472DA656F,https://www.hiezu.jp/%E5%90%84%E8%AA%B2%E4%B8%80%E8%A6%A7/%E4%BD%8F%E6%B0%91%E8%AA%B2/%E7%92%B0%E5%A2%83%E3%83%BB%E3%82%B4%E3%83%9F/%E3%82%B4%E3%83%9F/%E3%82%B4%E3%83%9F%E3%81%AE%E5%88%86%E3%81%91%E6%96%B9%E3%81%AB%E3%81%A4%E3%81%84%E3%81%A6/,LINEでゴミの分別検索できます。,https://www.hiezu.jp/LINEでゴミの分別検索できます。,www.hiezu.jp,MUNICIPAL_DOMAIN,OK,200,888,0,0,,FALSE,official candidate but insufficient extracted item/category coverage,2026-08-20
M041,DISC-M041-C27A825F24,https://www.hiezu.jp/%E5%90%84%E8%AA%B2%E4%B8%80%E8%A6%A7/%E4%BD%8F%E6%B0%91%E8%AA%B2/%E7%92%B0%E5%A2%83%E3%83%BB%E3%82%B4%E3%83%9F/%E3%82%B4%E3%83%9F/%E3%82%B4%E3%83%9F%E3%81%AE%E5%88%86%E3%81%91%E6%96%B9%E3%81%AB%E3%81%A4%E3%81%84%E3%81%A6/,ゴミの分け方のポスター（令和５年３月改定）(PDF形式),https://www.hiezu.jp/wp-content/uploads/2026/03/ri-ji-jin-gomibiao-r04.pdf,www.hiezu.jp,MUNICIPAL_DOMAIN,ERROR,200,0,0,0,,FALSE,official candidate but insufficient extracted item/category coverage,2026-08-20
M044,DISC-M044-3A3A875FF1,https://www.houki-town.jp/new1/10/12/gomi/6/c935/,"不燃ごみ 1.2 MB
		pdf 2023/11/09",https://www.houki-town.jp/user/filer_public/90/4d/904d6c13-2ec5-4f5f-845a-4fe5463a5e10/gomifen-bie-yong-ce-zi-ben-wen-_3bu-ran-gomi.pdf,www.houki-town.jp,MUNICIPAL_DOMAIN,OK,200,718,8,4,I001|I023|I024|I025|I026|I031|I032|I033,TRUE,high-value official item/index text,2026-08-20
M044,DISC-M044-BAD5BC3D6A,https://www.houki-town.jp/new1/10/12/gomi/6/c935/,"不燃粗大ごみ 705.8 KB
		pdf 2023/11/09",https://www.houki-town.jp/user/filer_public/53/38/53387318-0a58-4864-9eb9-cf9a19ade7b5/gomifen-bie-yong-ce-zi-ben-wen-_4bu-ran-cu-da-gomi.pdf,www.houki-town.jp,MUNICIPAL_DOMAIN,OK,200,541,4,3,I014|I027|I037|I038,FALSE,official candidate but insufficient extracted item/category coverage,2026-08-20
M044,DISC-M044-49B8AE6E61,https://www.houki-town.jp/new1/10/12/gomi/6/c935/,"混合粗大ごみ 679.2 KB
		pdf 2020/07/22",https://www.houki-town.jp/user/filer_public/9a/2c/9a2cad0e-d6da-4c93-95a4-faf70ed7baf3/gomifen-bie-yong-ce-zi-ben-wen-_15hun-he-cu-da-gomi.pdf,www.houki-town.jp,MUNICIPAL_DOMAIN,OK,200,497,2,1,I022|I026,FALSE,official candidate but insufficient extracted item/category coverage,2026-08-20
M044,DISC-M044-EC485D8517,https://www.houki-town.jp/new1/10/12/gomi/6/c935/,"資源ごみ（缶・ビン、再生利用ビン） 953.1 KB
		pdf 2020/07/22",https://www.houki-town.jp/user/filer_public/33/35/3335e8b8-62c1-4d95-a37c-34462c1e7b2e/gomifen-bie-yong-ce-zi-ben-wen-_5fou-binzai-sheng-li-yong-bin.pdf,www.houki-town.jp,MUNICIPAL_DOMAIN,OK,200,330,1,3,I003,FALSE,official candidate but insufficient extracted item/category coverage,2026-08-20
M044,DISC-M044-50DE7A1A1A,https://www.houki-town.jp/new1/10/12/gomi/6/c935/,"ごみの直接搬入 572.4 KB
		pdf 2020/07/22",https://www.houki-town.jp/user/filer_public/e8/36/e8364367-715e-437f-85d7-171d53e98502/gomifen-bie-yong-ce-zi-ben-wen-_18zhi-jie-ban-ru-xiu-zheng-hou.pdf,www.houki-town.jp,MUNICIPAL_DOMAIN,OK,200,1334,1,8,I001,FALSE,official candidate but insufficient extracted item/category coverage,2026-08-20
M044,DISC-M044-11D2E0BC01,https://www.houki-town.jp/new1/10/12/gomi/6/c935/,"可燃ごみ 227.4 KB
		pdf 2023/11/09",https://www.houki-town.jp/user/filer_public/22/82/22829c39-3eb3-4c86-bd52-7bc598e8cddb/gomifen-bie-yong-ce-zi-ben-wen-_13-14ke-ran-gomi.pdf,www.houki-town.jp,MUNICIPAL_DOMAIN,ERROR,200,0,0,0,,FALSE,official candidate but insufficient extracted item/category coverage,2026-08-20
M044,DISC-M044-4DBE6FBA0A,https://www.houki-town.jp/new1/10/12/gomi/6/c935/,"資源ごみ（布類） 225.1 KB
		pdf 2023/11/09",https://www.houki-town.jp/user/filer_public/38/ca/38ca4b1a-0ebd-4bb5-8a89-a7820208ba9f/gomifen-bie-yong-ce-zi-ben-wen-_10-11bu-lei.pdf,www.houki-town.jp,MUNICIPAL_DOMAIN,ERROR,200,0,0,0,,FALSE,official candidate but insufficient extracted item/category coverage,2026-08-20
M044,DISC-M044-ECE96CBFA8,https://www.houki-town.jp/new1/10/12/gomi/6/c935/,"有害ごみ 198.9 KB
		pdf 2023/11/09",https://www.houki-town.jp/user/filer_public/52/c3/52c3aa94-2028-4fd7-8a35-6e1619583177/gomifen-bie-yong-ce-zi-ben-wen-_11-12you-hai-gomi.pdf,www.houki-town.jp,MUNICIPAL_DOMAIN,ERROR,200,0,0,0,,FALSE,official candidate but insufficient extracted item/category coverage,2026-08-20
M044,DISC-M044-963BA0883A,https://www.houki-town.jp/new1/10/12/gomi/6/c935/,"冊子【ごみの分け方と出し方（R5.11改訂）】 全体 4.1 MB
		pdf 2020/07/22",https://www.houki-town.jp/user/filer_public/b9/b0/b9b05f86-0087-4325-8826-5b3f0a5174d2/gomifen-bie-ce-zi-quan-wen-r511gai-ding-ban.pdf,www.houki-town.jp,MUNICIPAL_DOMAIN,ERROR,200,0,0,0,,FALSE,official candidate but insufficient extracted item/category coverage,2026-08-20
M044,DISC-M044-E01434E860,https://www.houki-town.jp/new1/10/12/gomi/6/c935/,"町指定ごみ袋 576.9 KB
		pdf 2020/07/22",https://www.houki-town.jp/user/filer_public/bf/09/bf09bbba-b427-4360-8dc9-92caf10a5127/gomifen-bie-yong-ce-zi-ben-wen-_2zhi-ding-gomidai.pdf,www.houki-town.jp,MUNICIPAL_DOMAIN,OK,200,775,0,3,,FALSE,official candidate but insufficient extracted item/category coverage,2026-08-20
M044,DISC-M044-2A6EE6E33F,https://www.houki-town.jp/new1/10/12/gomi/6/c935/,"資源ごみ（古紙類） 223.0 KB
		pdf 2020/07/22",https://www.houki-town.jp/user/filer_public/bf/a4/bfa467d9-5069-4bbb-b467-def647efcbed/gomifen-bie-yong-ce-zi-ben-wen-_6-8gu-zhi-lei.pdf,www.houki-town.jp,MUNICIPAL_DOMAIN,ERROR,200,0,0,0,,FALSE,official candidate but insufficient extracted item/category coverage,2026-08-20
M044,DISC-M044-C5B4659D4E,https://www.houki-town.jp/new1/10/12/gomi/6/c935/,"早見表（50音順） 2.1 MB
		pdf 2020/07/22",https://www.houki-town.jp/user/filer_public/c6/50/c6503439-2522-4c8b-880e-b39bc8614b8b/gomifen-bie-yong-ce-zi-ben-wen-_19-36zao-jian-biao.pdf,www.houki-town.jp,MUNICIPAL_DOMAIN,ERROR,200,0,0,0,,FALSE,official candidate but insufficient extracted item/category coverage,2026-08-20
M046,DISC-M046-62C4D04690,https://www.town.hino.tottori.jp/2653.htm,令和8年度ごみ収集カレンダー火金地区版.pdf(2933KB),https://www.town.hino.tottori.jp/secure/43691/2026karendakakin.pdf,www.town.hino.tottori.jp,MUNICIPAL_DOMAIN,OK,200,10620,22,13,I001|I002|I003|I010|I011|I012|I013|I014|I015|I017|I018|I021|I023|I027|I028|I029|I030|I031|I034|I035|I036|I038,TRUE,high-value official item/index text,2026-08-20
M047,DISC-M047-3632BA722B,https://www.town-kofu.jp/2/1/4/9/2/g103/,ごみ分別表（50音順）,https://www.town-kofu.jp/user/filer_public/05/1d/051d7853-ed80-4fec-8cb0-079993caca2b/gomifen-bie-biao-50yin-shun.pdf,www.town-kofu.jp,MUNICIPAL_DOMAIN,OK,200,4746,18,12,I001|I002|I012|I015|I017|I019|I020|I021|I023|I026|I027|I028|I030|I032|I033|I036|I038|I039,TRUE,high-value official item/index text,2026-08-20
M052,DISC-M052-69D97F9375,https://www.city.oda.lg.jp/ohda_city/city_organization/33/38/gomi-risaikuru/2028/9495,「資源物・ごみの出し方早見表」をダウンロードする（PDF：1.0MB）,https://www.city.oda.lg.jp/files/original/202503171614062160a6ced45.pdf,www.city.oda.lg.jp,MUNICIPAL_DOMAIN,OK,200,3606,18,4,I001|I002|I003|I004|I005|I013|I014|I016|I017|I018|I020|I021|I025|I026|I028|I029|I036|I038,TRUE,high-value official item/index text,2026-08-20
M052,DISC-M052-3B7C9DEA70,https://www.city.oda.lg.jp/ohda_city/city_organization/33/38/gomi-risaikuru/2028/zikohan/,「大田市ごみの分け方・出し方ガイドブック」（PDF：9.4MB）をご確認ください。,https://www.city.oda.lg.jp/files/original/20230331171732908ea5630e4.pdf,www.city.oda.lg.jp,MUNICIPAL_DOMAIN,ERROR,200,0,0,0,,FALSE,official candidate but insufficient extracted item/category coverage,2026-08-20
M052,DISC-M052-3C91FAF574,https://www.city.oda.lg.jp/ohda_city/city_organization/33/38/gomi-risaikuru/2028/9495,「大田市ごみの分け方・出し方ガイドブック」をダウンロードする（PDF：9.4MB）,https://www.city.oda.lg.jp/files/original/2025031716140630324f06f50.pdf,www.city.oda.lg.jp,MUNICIPAL_DOMAIN,ERROR,200,0,0,0,,FALSE,official candidate but insufficient extracted item/category coverage,2026-08-20
M052,DISC-M052-4D0BE4D116,https://www.city.oda.lg.jp/ohda_city/city_purpose/138/9407,『ごみの分け方・出し方｜大田市ホームページ』,https://www.city.oda.lg.jp/ohda_city/city_organization/24b/38/gomi-risaikuru/2028/,www.city.oda.lg.jp,MUNICIPAL_DOMAIN,ERROR,404,0,0,0,,FALSE,official candidate but insufficient extracted item/category coverage,2026-08-20
M052,DISC-M052-2159DB23DD,https://www.city.oda.lg.jp/ohda_city/city_organization/33/38/gomi-risaikuru/2028/9495,ごみの分け方・出し方,https://www.city.oda.lg.jp/ohda_city/city_organization/33/38/gomi-risaikuru/2028/,www.city.oda.lg.jp,MUNICIPAL_DOMAIN,OK,200,1136,0,0,,FALSE,official candidate but insufficient extracted item/category coverage,2026-08-20
M053,DISC-M053-2A312209A4,https://www.city.yasugi.shimane.jp/kurashi/gomi/gomi-recycle/tebiki.html,安来市ごみ分別の手引き【令和7年2月発行】,https://www.city.yasugi.shimane.jp/kurashi/gomi/gomi-recycle/tebiki.data/2025gomibunbetsu.pdf,www.city.yasugi.shimane.jp,MUNICIPAL_DOMAIN,OK,200,97368,34,16,I001|I002|I003|I004|I005|I010|I011|I012|I013|I014|I015|I016|I017|I018|I019|I020|I021|I022|I023|I024|I025|I026|I027|I028|I029|I030|I031|I032|I033|I036|I037|I038|I039|I040,TRUE,high-value official item/index text,2026-08-20
M053,DISC-M053-A831A85B55,https://www.city.yasugi.shimane.jp/kurashi/gomi/gomi-recycle/calendar.html,令和8年度A収集地区ごみ収集カレンダー（PDF：508KB）,https://www.city.yasugi.shimane.jp/kurashi/gomi/gomi-recycle/calendar.data/R8Acalendar.pdf,www.city.yasugi.shimane.jp,MUNICIPAL_DOMAIN,OK,200,4783,16,15,I001|I013|I014|I015|I016|I017|I018|I020|I021|I025|I027|I029|I030|I037|I038|I040,TRUE,high-value official item/index text,2026-08-20
M053,DISC-M053-3FAEBE72E6,https://www.city.yasugi.shimane.jp/kurashi/gomi/gomi-recycle/calendar.html,令和8年度B収集地区ごみ収集カレンダー（PDF：508KB）,https://www.city.yasugi.shimane.jp/kurashi/gomi/gomi-recycle/calendar.data/R8Bcalendar.pdf,www.city.yasugi.shimane.jp,MUNICIPAL_DOMAIN,OK,200,4784,16,15,I001|I013|I014|I015|I016|I017|I018|I020|I021|I025|I027|I029|I030|I037|I038|I040,TRUE,high-value official item/index text,2026-08-20
M054,DISC-M054-E433B905AD,https://www.city.gotsu.lg.jp/soshiki/12/8529.html,家庭ごみの分け方・出し方（冊子）令和6年3月～ [PDFファイル：6.99MB],https://www.city.gotsu.lg.jp/uploaded/attachment/16994.pdf,www.city.gotsu.lg.jp,MUNICIPAL_DOMAIN,OK,200,91245,33,10,I001|I002|I003|I004|I005|I006|I009|I010|I011|I012|I013|I014|I015|I017|I018|I019|I020|I021|I022|I023|I024|I025|I026|I027|I028|I030|I031|I032|I033|I036|I038|I039|I040,TRUE,high-value official item/index text,2026-08-20
M054,DISC-M054-0AF75B1B04,https://www.city.gotsu.lg.jp/soshiki/12/8529.html,家庭ごみの分け方・出し方（一覧表） [PDFファイル：548KB],https://www.city.gotsu.lg.jp/uploaded/attachment/6067.pdf,www.city.gotsu.lg.jp,MUNICIPAL_DOMAIN,OK,200,3569,21,10,I001|I003|I004|I005|I012|I013|I014|I015|I017|I018|I021|I022|I024|I025|I026|I030|I031|I032|I033|I038|I039,TRUE,high-value official item/index text,2026-08-20
M054,DISC-M054-A570E53767,https://www.city.gotsu.lg.jp/soshiki/12/8529.html,家庭ごみの分け方・出し方（一覧表）中国語 [PDFファイル：1MB],https://www.city.gotsu.lg.jp/uploaded/attachment/7124.pdf,www.city.gotsu.lg.jp,MUNICIPAL_DOMAIN,OK,200,2696,1,0,I039,FALSE,official candidate but insufficient extracted item/category coverage,2026-08-20
M054,DISC-M054-264F9235E8,https://www.city.gotsu.lg.jp/soshiki/12/8529.html,家庭ごみの分け方・出し方（一覧表）英語 [PDFファイル：956KB],https://www.city.gotsu.lg.jp/uploaded/attachment/7123.pdf,www.city.gotsu.lg.jp,MUNICIPAL_DOMAIN,OK,200,8070,0,0,,FALSE,official candidate but insufficient extracted item/category coverage,2026-08-20
M054,DISC-M054-4EB66477AA,https://www.city.gotsu.lg.jp/soshiki/12/8529.html,家庭ごみの分け方・出し方（一覧表）韓国語 [PDFファイル：1MB],https://www.city.gotsu.lg.jp/uploaded/attachment/7125.pdf,www.city.gotsu.lg.jp,MUNICIPAL_DOMAIN,OK,200,2064,0,0,,FALSE,official candidate but insufficient extracted item/category coverage,2026-08-20
M054,DISC-M054-CDD42CE484,https://www.city.gotsu.lg.jp/soshiki/12/8529.html,家庭ごみの分け方・出し方（一覧表）ポルトガル語 [PDFファイル：2MB],https://www.city.gotsu.lg.jp/uploaded/attachment/7126.pdf,www.city.gotsu.lg.jp,MUNICIPAL_DOMAIN,ERROR,200,0,0,0,,FALSE,official candidate but insufficient extracted item/category coverage,2026-08-20
M054,DISC-M054-1EC8DB47AD,https://www.city.gotsu.lg.jp/soshiki/12/8529.html,家庭ごみの分け方・出し方（一覧表）ベトナム語 [PDFファイル：976KB],https://www.city.gotsu.lg.jp/uploaded/attachment/7127.pdf,www.city.gotsu.lg.jp,MUNICIPAL_DOMAIN,OK,200,59200,0,0,,FALSE,official candidate but insufficient extracted item/category coverage,2026-08-20
M055,DISC-M055-7E44E82EF0,https://www.city.unnan.shimane.jp/unnan/kurashi/kankyou/recycle/garbage02.html,PDFファイル版ごみ分別冊子のページ,https://www.unnan-yume.net/kankyo/gomi/e-book.php,www.unnan-yume.net,INTERMUNICIPAL_AUTHORITY_DOMAIN,OK,200,6311,0,0,,FALSE,official candidate but insufficient extracted item/category coverage,2026-08-20
M055,DISC-M055-74A0BA3CD0,https://www.city.unnan.shimane.jp/unnan/kurashi/kankyou/recycle/garbage02.html,ごみの分け方・出し方ポスター,https://www.unnan-yume.net/kankyo/gomi/gomibunbetu.php,www.unnan-yume.net,INTERMUNICIPAL_AUTHORITY_DOMAIN,OK,200,7070,0,0,,FALSE,official candidate but insufficient extracted item/category coverage,2026-08-20
M056,DISC-M056-1B11719032,https://www.town.okuizumo.shimane.jp/kurashi/gomi-recycle/1773388412727.html,ごみ分別辞典 R8.4,https://www.town.okuizumo.shimane.jp/assets/ごみ分別辞典%20R8.4_1.pdf,www.town.okuizumo.shimane.jp,MUNICIPAL_DOMAIN,OK,200,9518,29,7,I001|I003|I006|I009|I011|I012|I013|I014|I015|I016|I017|I018|I019|I020|I021|I022|I023|I024|I026|I027|I028|I030|I031|I032|I033|I034|I036|I038|I040,TRUE,high-value official item/index text,2026-08-20
M056,DISC-M056-7C1F3772E0,https://www.town.okuizumo.shimane.jp/kurashi/gomi-recycle/1773388412727.html,燃やせるごみの出し方（英語版）,https://www.town.okuizumo.shimane.jp/www/contents/1773388412727/files/combustible_garbage.pdf,www.town.okuizumo.shimane.jp,MUNICIPAL_DOMAIN,OK,200,532,0,0,,FALSE,official candidate but insufficient extracted item/category coverage,2026-08-20
M058,DISC-M058-4E25797226,https://www.town.shimane-kawamoto.lg.jp/gyosei/gyosei_environment/environment/4377,「家庭ごみの分別と出し方のしおり」をダウンロードする,https://www.town.shimane-kawamoto.lg.jp/files/original/202503111012285756e3b9765.pdf,www.town.shimane-kawamoto.lg.jp,MUNICIPAL_DOMAIN,OK,200,15021,30,11,I001|I002|I003|I006|I009|I010|I011|I012|I013|I014|I015|I016|I017|I018|I019|I020|I021|I023|I024|I026|I027|I028|I029|I030|I031|I032|I033|I036|I038|I040,TRUE,high-value official item/index text,2026-08-20
M058,DISC-M058-1A1E27AAE4,https://www.town.shimane-kawamoto.lg.jp/gyosei/gyosei_environment/environment/4377,「ごみの出し方ポスター」をダウンロードする,https://www.town.shimane-kawamoto.lg.jp/files/original/202503111012474178cf3374e.pdf,www.town.shimane-kawamoto.lg.jp,MUNICIPAL_DOMAIN,OK,200,251,2,2,I003|I028,FALSE,official candidate but insufficient extracted item/category coverage,2026-08-20
M059,DISC-M059-E74A3108B2,https://gov.town.shimane-misato.lg.jp/kurasi/kankyo/246/guide,「家庭ごみ分別と出し方のしおり」をダウンロードする（PDF：4.4MB）,https://gov.town.shimane-misato.lg.jp/files/original/20250313093603030b48ef46b.pdf,gov.town.shimane-misato.lg.jp,MUNICIPAL_DOMAIN,OK,200,15021,30,11,I001|I002|I003|I006|I009|I010|I011|I012|I013|I014|I015|I016|I017|I018|I019|I020|I021|I023|I024|I026|I027|I028|I029|I030|I031|I032|I033|I036|I038|I040,TRUE,high-value official item/index text,2026-08-20
M059,DISC-M059-AECA09875B,https://gov.town.shimane-misato.lg.jp/kurasi/kankyo/246/1482,「令和７年度ごみ収集日程表 （沢谷・浜原）」 （PDF：669kB）,https://gov.town.shimane-misato.lg.jp/files/original/2025021813455780718f0b1f2.pdf,gov.town.shimane-misato.lg.jp,MUNICIPAL_DOMAIN,OK,200,4015,4,8,I001|I013|I014|I017,FALSE,official candidate but insufficient extracted item/category coverage,2026-08-20
M059,DISC-M059-69CC6D65CB,https://gov.town.shimane-misato.lg.jp/kurasi/kankyo/246/1482,「令和７年度ごみ収集日程表 （粕渕・吾郷・高山）」 （PDF：672kB）,https://gov.town.shimane-misato.lg.jp/files/original/20250218134746602998a5946.pdf,gov.town.shimane-misato.lg.jp,MUNICIPAL_DOMAIN,OK,200,4023,4,8,I001|I013|I014|I017,FALSE,official candidate but insufficient extracted item/category coverage,2026-08-20
M059,DISC-M059-F2382AEC85,https://gov.town.shimane-misato.lg.jp/kurasi/kankyo/246/1482,「令和７年度ごみ収集日程表 （君谷・別府）」 （PDF：669kB）,https://gov.town.shimane-misato.lg.jp/files/original/202502181348176972bf551d7.pdf,gov.town.shimane-misato.lg.jp,MUNICIPAL_DOMAIN,OK,200,4019,4,8,I001|I013|I014|I017,FALSE,official candidate but insufficient extracted item/category coverage,2026-08-20
M059,DISC-M059-7213437DBF,https://gov.town.shimane-misato.lg.jp/kurasi/kankyo/246/1482,「令和７年度ごみ収集日程表 （宮内・村之郷・比敷・笹目・都賀西・都賀本郷・長藤・大浦）」 （PDF：715kB）,https://gov.town.shimane-misato.lg.jp/files/original/20250218134918680fa3012e7.pdf,gov.town.shimane-misato.lg.jp,MUNICIPAL_DOMAIN,OK,200,4097,4,8,I001|I013|I014|I017,FALSE,official candidate but insufficient extracted item/category coverage,2026-08-20
M059,DISC-M059-7987AC7BDA,https://gov.town.shimane-misato.lg.jp/kurasi/kankyo/246/1482,「令和７年度ごみ収集日程表 （上野・潮・曲利・都賀行・松原）」 （PDF：705kB）,https://gov.town.shimane-misato.lg.jp/files/original/20250218134950659663616c5.pdf,gov.town.shimane-misato.lg.jp,MUNICIPAL_DOMAIN,OK,200,4186,4,8,I001|I013|I014|I017,FALSE,official candidate but insufficient extracted item/category coverage,2026-08-20
M059,DISC-M059-EA135FB9BC,https://gov.town.shimane-misato.lg.jp/kurasi/kankyo/246/1482,「令和８年度ごみ収集日程表 （沢谷・浜原）」 （PDF：281kB）,https://gov.town.shimane-misato.lg.jp/files/original/202602121522041937d34aea9.pdf,gov.town.shimane-misato.lg.jp,MUNICIPAL_DOMAIN,OK,200,4109,4,8,I001|I013|I014|I017,FALSE,official candidate but insufficient extracted item/category coverage,2026-08-20
M059,DISC-M059-E1E84187EE,https://gov.town.shimane-misato.lg.jp/kurasi/kankyo/246/1482,「令和８年度ごみ収集日程表 （粕渕・吾郷・高山）」 （PDF：281kB）,https://gov.town.shimane-misato.lg.jp/files/original/202602121524057564670d041.pdf,gov.town.shimane-misato.lg.jp,MUNICIPAL_DOMAIN,OK,200,4115,4,8,I001|I013|I014|I017,FALSE,official candidate but insufficient extracted item/category coverage,2026-08-20
M059,DISC-M059-F06AF0BE6A,https://gov.town.shimane-misato.lg.jp/kurasi/kankyo/246/1482,「令和８年度ごみ収集日程表 （君谷・別府）」 （PDF：281kB）,https://gov.town.shimane-misato.lg.jp/files/original/202602121532432728cfca85d.pdf,gov.town.shimane-misato.lg.jp,MUNICIPAL_DOMAIN,OK,200,4115,4,8,I001|I013|I014|I017,FALSE,official candidate but insufficient extracted item/category coverage,2026-08-20
M059,DISC-M059-DED73FA20F,https://gov.town.shimane-misato.lg.jp/kurasi/kankyo/246/1482,「令和８年度ごみ収集日程表 （宮内・村之郷・比敷・笹目・都賀西・都賀本郷・長藤・大浦）」 （PDF：282kB）,https://gov.town.shimane-misato.lg.jp/files/original/202602121533025641261e6b6.pdf,gov.town.shimane-misato.lg.jp,MUNICIPAL_DOMAIN,OK,200,4393,4,8,I001|I013|I014|I017,FALSE,official candidate but insufficient extracted item/category coverage,2026-08-20
M059,DISC-M059-5D8DCA0C94,https://gov.town.shimane-misato.lg.jp/kurasi/kankyo/246/1482,「令和８年度ごみ収集日程表 （上野・潮・曲利・都賀行・松原）」 （PDF：282kB）,https://gov.town.shimane-misato.lg.jp/files/original/20260212153347804308df13e.pdf,gov.town.shimane-misato.lg.jp,MUNICIPAL_DOMAIN,OK,200,4362,4,8,I001|I013|I014|I017,FALSE,official candidate but insufficient extracted item/category coverage,2026-08-20
M059,DISC-M059-92047066D9,https://gov.town.shimane-misato.lg.jp/kurasi/kankyo/246/guide,「家庭ごみの出し方（ポスター）」をダウンロードする（PDF：1.2MB）,https://gov.town.shimane-misato.lg.jp/files/original/20250313093651113359ee4b8.pdf,gov.town.shimane-misato.lg.jp,MUNICIPAL_DOMAIN,OK,200,251,2,2,I003|I028,FALSE,official candidate but insufficient extracted item/category coverage,2026-08-20
M062,DISC-M062-25837AFA5D,https://www.town.yoshika.lg.jp/kurashi/seikatsu/gomi/gomi.html,吉賀町ごみの分別大図鑑（PDFファイル:6.43 MB）,https://www.town.yoshika.lg.jp/kurashi/seikatsu/gomi/gomi.data/gominodaizukan.pdf,www.town.yoshika.lg.jp,MUNICIPAL_DOMAIN,OK,200,42030,34,7,I001|I002|I003|I005|I006|I009|I010|I011|I012|I013|I014|I015|I016|I017|I018|I019|I020|I021|I022|I023|I024|I026|I027|I028|I029|I030|I031|I032|I033|I034|I036|I038|I039|I040,TRUE,high-value official item/index text,2026-08-20
M062,DISC-M062-31F56F386C,https://www.town.yoshika.lg.jp/kurashi/seikatsu/gomi/gomi.html,【ごみの分け方・出し方（PDFファイル:837KB）】,https://www.town.yoshika.lg.jp/kurashi/seikatsu/gomi/gomi.data/bunnbetu_tyuugokugo.pdf,www.town.yoshika.lg.jp,MUNICIPAL_DOMAIN,OK,200,7358,11,0,I001|I013|I014|I015|I020|I021|I027|I030|I031|I038|I039,TRUE,high-value official item/index text,2026-08-20
M062,DISC-M062-BA92F971D3,https://www.town.yoshika.lg.jp/kurashi/seikatsu/gomi/gomi.html,【ごみの分け方・出し方（PDFファイル:917KB）】,https://www.town.yoshika.lg.jp/kurashi/seikatsu/gomi/gomi.data/bunnbetu_betonamugo.pdf,www.town.yoshika.lg.jp,MUNICIPAL_DOMAIN,OK,200,12829,10,0,I001|I013|I014|I015|I020|I021|I027|I030|I031|I038,TRUE,high-value official item/index text,2026-08-20
M062,DISC-M062-BA76D39F2C,https://www.town.yoshika.lg.jp/kurashi/seikatsu/gomi/gomi.html,【ごみの分け方・出し方（PDFファイル:610KB）】,https://www.town.yoshika.lg.jp/kurashi/seikatsu/gomi/gomi.data/bunnbetu_eigo.pdf,www.town.yoshika.lg.jp,MUNICIPAL_DOMAIN,OK,200,13428,10,0,I001|I013|I014|I015|I020|I021|I027|I030|I031|I038,TRUE,high-value official item/index text,2026-08-20
M062,DISC-M062-EEA540E48B,https://www.town.yoshika.lg.jp/kurashi/seikatsu/gomi/gomi.html,【分別リスト（PDFファイル:367KB）】,https://www.town.yoshika.lg.jp/kurashi/seikatsu/gomi/gomi.data/bunnbeturisuto_tyuugokugo.pdf,www.town.yoshika.lg.jp,MUNICIPAL_DOMAIN,OK,200,7873,1,0,I039,FALSE,official candidate but insufficient extracted item/category coverage,2026-08-20
M062,DISC-M062-C0D69B31F7,https://www.town.yoshika.lg.jp/kurashi/seikatsu/gomi/gomi.html,【分別リスト（PDFファイル:306KB）】,https://www.town.yoshika.lg.jp/kurashi/seikatsu/gomi/gomi.data/bunnbeturisuto_betonamugo.pdf,www.town.yoshika.lg.jp,MUNICIPAL_DOMAIN,OK,200,11694,0,0,,FALSE,official candidate but insufficient extracted item/category coverage,2026-08-20
M062,DISC-M062-C8E7D35B19,https://www.town.yoshika.lg.jp/kurashi/seikatsu/gomi/gomi.html,【分別リスト（PDFファイル:163KB）】,https://www.town.yoshika.lg.jp/kurashi/seikatsu/gomi/gomi.data/bunnbeturisuto_eigo.pdf,www.town.yoshika.lg.jp,MUNICIPAL_DOMAIN,OK,200,15179,0,0,,FALSE,official candidate but insufficient extracted item/category coverage,2026-08-20
M062,DISC-M062-5F80BEB87A,https://www.town.yoshika.lg.jp/kurashi/seikatsu/gomi/shigengomi.html,資源ごみ収集場所 （PDFファイル:91KB）,https://www.town.yoshika.lg.jp/kurashi/seikatsu/gomi/shigengomi.data/sigenngomisyuusyubasyo.pdf,www.town.yoshika.lg.jp,MUNICIPAL_DOMAIN,OK,200,589,0,1,,FALSE,official candidate but insufficient extracted item/category coverage,2026-08-20
M064,DISC-M064-21796C65B5,https://www.town.nishinoshima.shimane.jp/bunya/b_sumai/b_gomi/833,「西ノ島町ごみ分別ガイドブック（令和3年1月発行）」をダウンロードする（PDF：2.9MB）,https://www.town.nishinoshima.shimane.jp/files/original/20240606164233074733b7020.pdf,www.town.nishinoshima.shimane.jp,MUNICIPAL_DOMAIN,OK,200,22540,28,2,I001|I002|I003|I006|I011|I012|I013|I014|I015|I017|I018|I020|I021|I022|I023|I024|I026|I027|I028|I030|I031|I032|I033|I034|I036|I038|I039|I040,TRUE,high-value official item/index text,2026-08-20
M075,DISC-M075-E106835919,https://www.city.niimi.okayama.jp/kurashi/kurashi_detail/index/37602.html,ごみ分別一覧表,https://www.city.niimi.okayama.jp/media_images_01/files/___R5.11.1___bunnbetu-ichirann2%20%20%281%29.pdf,www.city.niimi.okayama.jp,MUNICIPAL_DOMAIN,OK,200,11583,16,3,I002|I013|I017|I018|I020|I021|I022|I024|I026|I027|I030|I031|I032|I033|I036|I038,TRUE,high-value official item/index text,2026-08-20
M075,DISC-M075-B243B5A066,https://www.city.niimi.okayama.jp/kurashi/kurashi_detail/index/37602.html,店頭等での資源回収実施状況一覧表,https://www.city.niimi.okayama.jp/media_images_01/files/sigennkaisyuu%281%29.pdf,www.city.niimi.okayama.jp,MUNICIPAL_DOMAIN,OK,200,446,9,0,I001|I002|I013|I014|I015|I016|I017|I030|I034,FALSE,official candidate but insufficient extracted item/category coverage,2026-08-20
M075,DISC-M075-F7CB2C8BBB,https://www.city.niimi.okayama.jp/kurashi/kurashi_detail/index/37602.html,ごみの正しい分け方・出し方,https://www.city.niimi.okayama.jp/kurashi/kurashi_detail/index/41805.html,www.city.niimi.okayama.jp,MUNICIPAL_DOMAIN,OK,200,3311,0,2,,FALSE,official candidate but insufficient extracted item/category coverage,2026-08-20
M090,DISC-M090-45FE8959C8,https://www.vill.nishiawakura.okayama.jp/wp/%E3%81%94%E3%81%BF%E3%81%AE%E5%87%BA%E3%81%97%E6%96%B9%E3%81%A8%E3%81%94%E3%81%BF%E5%8F%8E%E9%9B%86%E3%82%AB%E3%83%AC%E3%83%B3%E3%83%80%E3%83%BC/,家電４品目の処分方法（PDF）,https://www.vill.nishiawakura.okayama.jp/wp/wp-content/uploads/2022/08/84b6e104dcfbe1705a3f460ca2268252.pdf,www.vill.nishiawakura.okayama.jp,MUNICIPAL_DOMAIN,OK,200,768,2,0,I021|I037,FALSE,official candidate but insufficient extracted item/category coverage,2026-08-20
M093,DISC-M093-D4520CE9E4,https://www.town.kibichuo.lg.jp/soshiki/7/4401.html,吉備中央町ごみ分別ガイドブック [PDFファイル／5.01MB],https://www.town.kibichuo.lg.jp/uploaded/attachment/11637.pdf,www.town.kibichuo.lg.jp,MUNICIPAL_DOMAIN,OK,200,48226,33,8,I001|I002|I003|I004|I005|I009|I010|I011|I012|I013|I014|I015|I016|I017|I018|I020|I021|I022|I023|I024|I026|I027|I028|I029|I030|I031|I032|I033|I034|I036|I038|I039|I040,TRUE,high-value official item/index text,2026-08-20
M093,DISC-M093-80AA992176,https://www.town.kibichuo.lg.jp/soshiki/7/4401.html,指定ごみ袋販売取扱店一覧表 [PDFファイル／106KB],https://www.town.kibichuo.lg.jp/uploaded/attachment/13437.pdf,www.town.kibichuo.lg.jp,MUNICIPAL_DOMAIN,OK,200,1532,0,0,,FALSE,official candidate but insufficient extracted item/category coverage,2026-08-20
M101,DISC-M101-8A63FED0D4,https://www.city.miyoshi.hiroshima.jp/garbage-item/search/garbage_rule.php,ごみの持ち出し日 検索,https://www.city.miyoshi.hiroshima.jp/garbage-item/search/garbage_area.php,www.city.miyoshi.hiroshima.jp,MUNICIPAL_DOMAIN,OK,200,919,0,0,,FALSE,official candidate but insufficient extracted item/category coverage,2026-08-20
M101,DISC-M101-41316E5C9E,https://www.city.miyoshi.hiroshima.jp/garbage-item/search/garbage_rule.php,プラスチック資源,https://www.city.miyoshi.hiroshima.jp/uploaded/attachment/7602.pdf,www.city.miyoshi.hiroshima.jp,MUNICIPAL_DOMAIN,ERROR,200,0,0,0,,FALSE,official candidate but insufficient extracted item/category coverage,2026-08-20
M101,DISC-M101-AC9A17B884,https://www.city.miyoshi.hiroshima.jp/garbage-item/search/garbage_rule.php,収集も処理もできないごみ,https://www.city.miyoshi.hiroshima.jp/uploaded/attachment/7603.pdf,www.city.miyoshi.hiroshima.jp,MUNICIPAL_DOMAIN,ERROR,200,0,0,0,,FALSE,official candidate but insufficient extracted item/category coverage,2026-08-20
M102,DISC-M102-A4153565D7,https://www.city.shobara.hiroshima.jp/main/life/waste/post_502.html,おうちのごみの正しい出し方（やさしい日本語版）[PDF:807KB],https://www.city.shobara.hiroshima.jp/main/2026/05/c19f443438543590ba2d8cfc4ab79839.pdf,www.city.shobara.hiroshima.jp,MUNICIPAL_DOMAIN,OK,200,5383,14,6,I001|I003|I004|I005|I013|I014|I019|I020|I021|I022|I027|I030|I032|I036,TRUE,high-value official item/index text,2026-08-20
M106,DISC-M106-394316D62C,https://www.akitakata.jp/ja/shisei/section/siminseikatu/gomi22/,◆ごみ分別早見表（50音順）,https://www.akitakata.jp/akitakata-media/filer_public/59/07/59070d31-c154-4bbb-ad97-4fdcf2810e6e/gomi-funbetsu-hayamihyou.pdf,www.akitakata.jp,MUNICIPAL_DOMAIN,OK,200,31378,32,9,I001|I002|I003|I004|I005|I006|I009|I010|I011|I012|I013|I014|I015|I016|I017|I018|I019|I020|I021|I022|I023|I024|I026|I027|I028|I030|I031|I032|I033|I036|I038|I039,TRUE,high-value official item/index text,2026-08-20
M106,DISC-M106-8954179259,https://www.akitakata.jp/ja/shisei/section/siminseikatu/gomi22/,"ごみの分け方・出し方（PDF） [
									2.2 MB
									 | pdf
								]",https://www.akitakata.jp/akitakata-media/filer_public/71/1c/711ce7e9-446c-47c7-bc0c-f55db381fc25/gomino-wake-hou-dashikata-20214.pdf,www.akitakata.jp,MUNICIPAL_DOMAIN,ERROR,200,0,0,0,,FALSE,official candidate but insufficient extracted item/category coverage,2026-08-20
M108,DISC-M108-FC5097AA4E,https://www.town.fuchu.hiroshima.jp/site/kankyousenta/34617.html,ごみの出し方辞典,https://www.town.fuchu.hiroshima.jp/site/kankyousenta/list419-888.html,www.town.fuchu.hiroshima.jp,MUNICIPAL_DOMAIN,OK,200,1501,0,0,,FALSE,official candidate but insufficient extracted item/category coverage,2026-08-20
M108,DISC-M108-8DE0BBD0C8,https://www.town.fuchu.hiroshima.jp/site/kankyousenta/34617.html,令和7年度「家庭ごみの正しい出し方」 [PDFファイル／2.86MB],https://www.town.fuchu.hiroshima.jp/uploaded/attachment/28655.pdf,www.town.fuchu.hiroshima.jp,MUNICIPAL_DOMAIN,OK,200,10748,0,0,,FALSE,official candidate but insufficient extracted item/category coverage,2026-08-20
M111,DISC-M111-CBE023DFC9,https://www.town.saka.lg.jp/2014/04/01/gomi_dashikata/,令和8年度ごみと資源の出し方,https://www.town.saka.lg.jp/wp-content/uploads/2026/03/令和8年度ごみと資源の出し方-1.pdf,www.town.saka.lg.jp,MUNICIPAL_DOMAIN,OK,200,1215,8,4,I001|I003|I013|I014|I015|I016|I024|I032,TRUE,high-value official item/index text,2026-08-20
M111,DISC-M111-9B755813B8,https://www.town.saka.lg.jp/2014/04/01/gomi_dashikata/,ごみ分別表５０音表,https://www.town.saka.lg.jp/wp-content/uploads/2014/04/ごみ分別表.pdf,www.town.saka.lg.jp,MUNICIPAL_DOMAIN,OK,200,6835,0,0,,FALSE,official candidate but insufficient extracted item/category coverage,2026-08-20
M116,DISC-M116-DBD0D040CE,https://www.jinsekigun.jp/town/formation/kankyoueisei/03/sodai/sodai/,"粗大ごみ等直接搬入申込書 [ PDF
							：239.9 KB ]",https://www.jinsekigun.jp/user/filer_public/36/e3/36e3a755-c2bb-45df-a7df-7242309978ad/cu-da-gomideng-zhi-jie-ban-ru-shen-ip-shu-yang-shi.pdf,www.jinsekigun.jp,MUNICIPAL_DOMAIN,OK,200,1167,6,2,I021|I027|I030|I033|I036|I040,TRUE,high-value official item/index text,2026-08-20
M128,DISC-M128-5943D98EAE,https://www.city.shunan.lg.jp/soshiki/19/33474.html,ごみの分別方法（令和6年4月改訂版） [PDFファイル／21.65MB],https://www.city.shunan.lg.jp/uploaded/attachment/104994.pdf,www.city.shunan.lg.jp,MUNICIPAL_DOMAIN,OK,200,63474,34,12,I001|I002|I003|I006|I009|I010|I011|I012|I013|I014|I015|I016|I017|I018|I019|I020|I021|I022|I023|I024|I026|I027|I028|I029|I030|I031|I032|I033|I034|I036|I037|I038|I039|I040,TRUE,high-value official item/index text,2026-08-20
M128,DISC-M128-3502791856,https://www.city.shunan.lg.jp/soshiki/19/33474.html,ごみを出すときのお願い [PDFファイル／3.12MB],https://www.city.shunan.lg.jp/uploaded/attachment/98409.pdf,www.city.shunan.lg.jp,MUNICIPAL_DOMAIN,OK,200,4203,10,8,I011|I016|I017|I018|I019|I020|I021|I026|I039|I040,TRUE,high-value official item/index text,2026-08-20
M128,DISC-M128-2C2493B13B,https://www.city.shunan.lg.jp/soshiki/19/33474.html,分別冊子表紙 [PDFファイル／1.78MB],https://www.city.shunan.lg.jp/uploaded/attachment/98408.pdf,www.city.shunan.lg.jp,MUNICIPAL_DOMAIN,OK,200,1667,7,12,I001|I012|I021|I024|I032|I034|I039,TRUE,high-value official item/index text,2026-08-20
M128,DISC-M128-E9253B134A,https://www.city.shunan.lg.jp/soshiki/19/33474.html,間違えやすいごみ、裏表紙 [PDFファイル／1.81MB],https://www.city.shunan.lg.jp/uploaded/attachment/98426.pdf,www.city.shunan.lg.jp,MUNICIPAL_DOMAIN,OK,200,1667,7,12,I001|I012|I021|I024|I032|I034|I039,TRUE,high-value official item/index text,2026-08-20
M128,DISC-M128-829A9D0575,https://www.city.shunan.lg.jp/soshiki/19/33474.html,燃やせないごみ [PDFファイル／1.15MB],https://www.city.shunan.lg.jp/uploaded/attachment/98417.pdf,www.city.shunan.lg.jp,MUNICIPAL_DOMAIN,OK,200,725,4,3,I022|I026|I034|I038,FALSE,official candidate but insufficient extracted item/category coverage,2026-08-20
M128,DISC-M128-EC081C6A1E,https://www.city.shunan.lg.jp/soshiki/19/33474.html,家庭ごみの自己搬入 [PDFファイル／975KB],https://www.city.shunan.lg.jp/uploaded/attachment/98421.pdf,www.city.shunan.lg.jp,MUNICIPAL_DOMAIN,OK,200,2955,3,4,I027|I038|I040,FALSE,official candidate but insufficient extracted item/category coverage,2026-08-20
M128,DISC-M128-8F4000233B,https://www.city.shunan.lg.jp/soshiki/19/33474.html,ごみ処理に関する補助制度 [PDFファイル／524KB],https://www.city.shunan.lg.jp/uploaded/attachment/98425.pdf,www.city.shunan.lg.jp,MUNICIPAL_DOMAIN,OK,200,1455,2,1,I001|I018,FALSE,official candidate but insufficient extracted item/category coverage,2026-08-20
M128,DISC-M128-F38F281AB0,https://www.city.shunan.lg.jp/soshiki/19/33474.html,燃やせるごみ [PDFファイル／719KB],https://www.city.shunan.lg.jp/uploaded/attachment/100249.pdf,www.city.shunan.lg.jp,MUNICIPAL_DOMAIN,ERROR,200,0,0,0,,FALSE,official candidate but insufficient extracted item/category coverage,2026-08-20
M128,DISC-M128-CDB72F3EAE,https://www.city.shunan.lg.jp/soshiki/19/33474.html,ごみの分別方法の主な変更点 [PDFファイル／2.84MB],https://www.city.shunan.lg.jp/uploaded/attachment/101182.pdf,www.city.shunan.lg.jp,MUNICIPAL_DOMAIN,ERROR,200,0,0,0,,FALSE,official candidate but insufficient extracted item/category coverage,2026-08-20
M128,DISC-M128-9B98E1D048,https://www.city.shunan.lg.jp/soshiki/19/33474.html,周南市一般廃棄物（ごみ）収集運搬業許可業者一覧表（抜粋）、よくある質問 [PDFファイル／698KB],https://www.city.shunan.lg.jp/uploaded/attachment/104995.pdf,www.city.shunan.lg.jp,MUNICIPAL_DOMAIN,ERROR,200,0,0,0,,FALSE,official candidate but insufficient extracted item/category coverage,2026-08-20
M128,DISC-M128-46D99A74E9,https://www.city.shunan.lg.jp/soshiki/19/33474.html,粗大ごみ [PDFファイル／485KB],https://www.city.shunan.lg.jp/uploaded/attachment/98420.pdf,www.city.shunan.lg.jp,MUNICIPAL_DOMAIN,OK,200,2879,0,1,,FALSE,official candidate but insufficient extracted item/category coverage,2026-08-20
M132,DISC-M132-17AA2344B4,https://www.town.kaminoseki.lg.jp/%E3%81%94%E3%81%BF.html,ごみ分別カレンダー令和7年度(祝島地区）（PDF:2.0MB）,https://www.town.kaminoseki.lg.jp/wp-content/uploads/2025/04/8e1bc295c293a69b93f21e1786fc9b04.pdf,www.town.kaminoseki.lg.jp,MUNICIPAL_DOMAIN,ERROR,200,0,0,0,,FALSE,official candidate but insufficient extracted item/category coverage,2026-08-20
M132,DISC-M132-98D280EFA7,https://www.town.kaminoseki.lg.jp/%E3%81%94%E3%81%BF.html,ごみ分別カレンダー令和7年度（PDF:2.0MB）,https://www.town.kaminoseki.lg.jp/wp-content/uploads/2025/04/e9d65f879dcd20edb44aaa912088e52b.pdf,www.town.kaminoseki.lg.jp,MUNICIPAL_DOMAIN,ERROR,200,0,0,0,,FALSE,official candidate but insufficient extracted item/category coverage,2026-08-20
M132,DISC-M132-0134948A82,https://www.town.kaminoseki.lg.jp/%E3%81%94%E3%81%BF.html,ごみ分別裏カレンダー令和8年度(祝島地区）（PDF:2.0MB）,https://www.town.kaminoseki.lg.jp/wp-content/uploads/2026/03/393e662d0c573e2801c834f1e78c3077.pdf,www.town.kaminoseki.lg.jp,MUNICIPAL_DOMAIN,ERROR,200,0,0,0,,FALSE,official candidate but insufficient extracted item/category coverage,2026-08-20
M132,DISC-M132-A92B1479FC,https://www.town.kaminoseki.lg.jp/%E3%81%94%E3%81%BF.html,ごみ分別裏カレンダー令和8年度（PDF:2.0MB）,https://www.town.kaminoseki.lg.jp/wp-content/uploads/2026/03/9cfb9460515b6225e1c377259a38e00a.pdf,www.town.kaminoseki.lg.jp,MUNICIPAL_DOMAIN,ERROR,200,0,0,0,,FALSE,official candidate but insufficient extracted item/category coverage,2026-08-20
M135,DISC-M135-F07AD8CA13,https://www.town.abu.lg.jp/guide/gominosyuusyuunituite/,●水銀が含まれるゴミの出し方について,https://www.town.abu.lg.jp/wp/wp-content/uploads/2017/03/175b953d35d40b63556a5e393d7bc2ff.pdf,www.town.abu.lg.jp,MUNICIPAL_DOMAIN,OK,200,644,2,0,I030|I031,FALSE,official candidate but insufficient extracted item/category coverage,2026-08-20
