municipality_id,url_role,url,status,http_status,bytes,text_chars,error
M001,TOP,https://www.town.yamada.iwate.jp/kurashi/gomi/,OK,200,18518,1783,
M002,TOP,https://www.city.oshu.iwate.jp/kurashi_tetsuzuki/gomi_recycle/2/index.html,OK,200,52485,3013,
M011,TOP,https://www.town.oizumi.gunma.jp/li/kurashi/040/010/,OK,200,11783,2792,
M013,ITEM_SEARCH,https://www.city.minato.tokyo.jp/jigyoukeikaku/kurashi/gomi/kate/ha/index.html,OK,200,20233,2368,
M013,TOP,https://www.city.minato.tokyo.jp/jigyoukeikaku/kurashi/gomi/kate/,OK,200,31096,5211,
M014,ITEM_SEARCH,https://www.city.sumida.lg.jp/kurashi/gomi_recycle/kateikei/gomi-50onbunbetu.html,OK,200,114693,51273,
M014,TOP,https://www.city.sumida.lg.jp/kurashi/gomi_recycle/kateikei/gomi_dashikata/index.html,OK,200,49831,7481,
M015,ITEM_SEARCH,https://www.city.chuo.lg.jp/a0039/kurashi/gomi/bunbetsu/50onjyun230401.html,OK,200,19872,6102,
M015,TOP,https://www.city.chuo.lg.jp/a0039/kurashi/gomi/bunbetsu/index.html,ERROR,404,0,0,HTTPError: 404 Client Error: Not Found for url: https://www.city.chuo.lg.jp/a0039/kurashi/gomi/bunbetsu/index.html
M020,ITEM_SEARCH,https://www.city.shizuoka.lg.jp/gomi/s009159.html,OK,200,17701,5509,
M021,TOP,https://www.info.city.tsu.mie.jp/kurashi/gomi_kankyo/index.html,OK,200,37833,6711,
M022,TOP,https://www.city.shijonawate.lg.jp/life/1/11/61/,ERROR,404,0,0,HTTPError: 404 Client Error: Not Found for url: https://www.city.shijonawate.lg.jp/life/1/11/61/
M024,GUIDE,https://www.city.kobe.lg.jp/a04164/kurashi/recycle/gomi/dashikata/bunbetsukubun/bunbetsuflowchart.html,OK,200,13644,1729,
M024,TOP,https://www.city.kobe.lg.jp/a04164/kurashi/recycle/gomi/dashikata/index.html,ERROR,404,0,0,HTTPError: 404 Client Error: Not Found for url: https://www.city.kobe.lg.jp/a04164/kurashi/recycle/gomi/dashikata/index.html
M028,TOP,https://www.town.yura.wakayama.jp/,ERROR,,0,0,"ConnectTimeout: HTTPSConnectionPool(host='www.town.yura.wakayama.jp', port=443): Max retries exceeded with url: / (Caused by ConnectTimeoutError(<HTTPSConnection(host='www.town.yura.wakayama.jp', port=443) at 0x7fbbce64e180>, 'Connection to www.town.yura.wakayama.jp timed out. (connect timeout=8)'))"
M030,TOP,https://www.city.yonago.lg.jp/1879.htm,OK,200,51023,1944,
M036,TOP,https://www.town.yazu.tottori.jp/site/gomi/,OK,200,22142,3197,
M041,TOP,https://www.hiezu.jp/%E5%AE%B6%E5%BA%AD%E3%82%B4%E3%83%9F%E3%81%AB%E3%81%A4%E3%81%84%E3%81%A6/,OK,200,97483,932,
M042,TOP,https://www.daisen.jp/10/4/4/m855/n462/,OK,200,20825,1047,
M043,TOP,https://www.town.nanbu.tottori.jp/admin/chouminseikatsuka/gomi1/,OK,200,25969,4504,
M044,ITEM_SEARCH,https://www.houki-town.jp/new1/10/12/gomi/6/search/,OK,200,19189,1170,
M044,TOP,https://www.houki-town.jp/new1/10/12/gomi/,OK,200,19600,1659,
M048,TOP,https://www.city.matsue.lg.jp/kurashi_tetsuzuki/gomi_kankyo_pet/6/index.html,OK,200,45567,2205,
M049,TOP,https://www.city.hamada.shimane.jp/www/genre/1000170010134/index.html,OK,200,32545,7002,
M055,GUIDE,https://www.unnan-yume.net/kankyo/gomi/gomibunbetu.php,OK,200,65668,7070,
M056,ITEM_SEARCH,https://www.town.okuizumo.shimane.jp/kurashi/gomi-recycle/1773388367729.html,ERROR,404,0,0,HTTPError: 404 Client Error: Not Found for url: https://www.town.okuizumo.shimane.jp/kurashi/gomi-recycle/1773388367729.html
M057,GUIDE,https://www.unnan-yume.net/kankyo/gomi/gomibunbetu.php,OK,200,65668,7070,
M058,TOP,https://www.town.shimane-kawamoto.lg.jp/gyosei/gyosei_environment/environment/,OK,200,21708,929,
M059,TOP,https://gov.town.shimane-misato.lg.jp/kurasi/kankyo/246/,OK,200,13805,704,
M062,TOP,https://www.town.yoshika.lg.jp/kurashi/seikatsu/gomi/,OK,200,10045,754,
M069,TOP,https://www.city.tsuyama.lg.jp/,OK,200,3042,28,
M071,TOP,https://www.city.kasaoka.okayama.jp/life/1/11/46/,OK,200,25621,5017,
M072,TOP,https://www.city.ibara.okayama.jp/life/1/6/35/,OK,200,32643,7473,
M094,TOP,https://www.city.hiroshima.lg.jp/living/gomi-kankyo/1021277/1003072/index.html,OK,200,47034,7587,
M102,TOP,https://www.city.shobara.hiroshima.jp/main/life/waste/,OK,200,15422,898,
M104,GUIDE,https://www.city.higashihiroshima.lg.jp/material/files/group/18/gomibook_all.pdf,OK,200,19743049,86555,
M118,TOP,https://www.city.ube.yamaguchi.jp/kurashi/gomi/dashikata/index.html,OK,200,24190,4293,
M122,TOP,https://www.city.kudamatsu.lg.jp/kankyou/seikatsu/kankyou/gomi/index.html,ERROR,404,0,0,HTTPError: 404 Client Error: Not Found for url: https://www.city.kudamatsu.lg.jp/kankyou/seikatsu/kankyou/gomi/index.html
M126,GUIDE,https://www.city-yanai.jp/site/gomi-risaikuru/list144.html,OK,200,21411,3016,
M126,TOP,https://www.city-yanai.jp/site/gomi-risaikuru/,OK,200,25155,3505,
M132,TOP,https://www.town.kaminoseki.lg.jp/%E3%81%94%E3%81%BF.html,OK,200,72252,2265,
M134,GUIDE,https://www.town.hirao.lg.jp/kurashi/gomi_kankyo/gomi/dashikata/index.html,OK,200,51357,2095,
M134,TOP,https://www.town.hirao.lg.jp/soshiki/kankyo/gomi/seikatsu/teiki_shushu/index.html,OK,200,55259,2533,
M140,TOP,https://www.city.mitoyo.lg.jp/kakuka/shiminkankyou/eisei/2/1/1499.html,OK,200,71338,9224,
