municipality_id,source_id,url,http_status,bytes,text_chars,status,error
M001,S-M001-01,https://www.town.yamada.iwate.jp/docs/8354.html,200,24216,2745,OK,
M001,S-M001-02,https://www.town.yamada.iwate.jp/fs/1/2/9/3/6/3/_/gominodashikataposter6_3.pdf,200,1269371,2662,OK,
M001,S-M001-03,https://www.town.yamada.iwate.jp/fs/1/2/9/3/6/2/_/bunbetu.pdf,200,582361,2095,OK,
M001,S-M001-04,https://www.town.yamada.iwate.jp/fs/1/2/9/3/6/6/_/shiteigomibukuroR6_4.pdf,200,561299,336,OK,
M001,S-M001-05,https://www.miyako-kouiki.jp/gyousei/soshiki/kankyo/2/1/751.html,,0,0,ERROR,"ConnectTimeout: HTTPSConnectionPool(host='www.miyako-kouiki.jp', port=443): Max retries exceeded with url: /gyousei/soshiki/kankyo/2/1/751.html (Caused by ConnectTimeoutError(<HTTPSConnection(host='www.miyako-kouiki.jp', port=443) at 0x7f7f7e3ab830>, 'Connection to www.miyako-kouiki.jp timed out. (connect timeout=6)'))"
M002,S-M002-01,https://www.city.oshu.iwate.jp/soshiki/5/1051/2/3/316.html,200,80235,17085,OK,
M002,S-M002-02,https://www.city.oshu.iwate.jp/soshiki/5/1051/2/3/9522.html,200,56993,6643,OK,
M002,S-M002-03,https://www.city.oshu.iwate.jp/soshiki/5/1051/2/3/1280.html,200,65806,8713,OK,
M002,S-M002-04,https://www.city.oshu.iwate.jp/soshiki/5/1051/2/2/13684.html,200,59801,7636,OK,
M003,S-M003-01,https://www.town.nishiwaga.lg.jp/mokutekibetsudesagasu/gomi/2256.html,200,49452,12390,OK,
M003,S-M003-02,https://www.town.nishiwaga.lg.jp/material/files/group/5/0604gomihyakka.pdf,200,6217122,22831,OK,
M004,S-M004-01,https://www.town.shiwa.iwate.jp/kurashi/gomi/1_bunebetsu/17749649372176/,200,45315,2875,OK,
M004,S-M004-02,https://www.town.shiwa.iwate.jp/kurashi/gomi/1_bunebetsu/2348.html,200,39697,2386,OK,
M004,S-M004-03,https://www.town.shiwa.iwate.jp/kurashi/gomi/1_bunebetsu/2351.html,200,37548,1977,OK,
M004,S-M004-04,https://www.town.shiwa.iwate.jp/kurashi/gomi/1_bunebetsu/2353.html,200,34603,1491,OK,
M005,S-M005-01,https://www.city.ishinomaki.lg.jp/d0010/d0030/d0010/d010/index.html,200,10361,2399,OK,
M005,S-M005-02,https://www.city.ishinomaki.lg.jp/cont/10210000/1582/20180320093709.html,200,15288,5943,OK,
M005,S-M005-03,https://www.city.ishinomaki.lg.jp/cont/10301500/123/20260305162141.html,200,20565,11280,OK,
M005,S-M005-04,https://www.city.ishinomaki.lg.jp/cont/10301000/030/3974/kihonkeikaku2.pdf,200,5405186,129825,OK,
M006,S-M006-01,https://www.town.ogawara.miyagi.jp/1406.htm,200,59907,3212,OK,
M006,S-M006-02,https://www.town.ogawara.miyagi.jp/secure/1106/R8ippannhaikibutusyorizissikeikaku.pdf,200,454721,4157,OK,
M006,S-M006-03,https://www.az9.or.jp/eisei/gomi-bunbetsu.html,200,16289,5680,OK,
M007,S-M007-01,https://www.town.kami.miyagi.jp/soshikikarasagasu/chominka/kankyoeisei/847.html,200,54720,13595,OK,
M007,S-M007-02,https://www.town.kami.miyagi.jp/soshikikarasagasu/chominka/kankyoeisei/4014.html,200,40465,4589,OK,
M007,S-M007-03,https://www.town.kami.miyagi.jp/soshikikarasagasu/chominka/kankyoeisei/3552.html,200,37844,3122,OK,
M008,S-M008-01,https://www.town.shirataka.lg.jp/1204.htm,200,54151,3125,OK,
M008,S-M008-02,https://www.town.shirataka.lg.jp/secure/5260/bunnbetuAll.pdf,200,696138,29986,OK,
M008,S-M008-03,https://www.town.shirataka.lg.jp/1206.htm,200,48701,1672,OK,
M009,S-M009-01,https://www.town.oe.yamagata.jp/news/1275,200,23559,2044,OK,
M009,S-M009-02,https://www.town.oe.yamagata.jp/files/original/202403191138227511fcddfbe.pdf,200,8256366,21021,OK,
M010,S-M010-01,https://www.city.utsunomiya.lg.jp/kurashi/gomi/kateigomi/dashikata/index.html,200,34368,6059,OK,
M010,S-M010-02,https://www.city.utsunomiya.lg.jp/kurashi/gomi/kateigomi/dashikata/chirashi/1004981.html,200,33627,6502,OK,
M010,S-M010-03,https://www.city.utsunomiya.lg.jp/kurashi/gomi/kateigomi/dashikata/1004945.html,200,33847,6176,OK,
M010,S-M010-04,https://www.city.utsunomiya.lg.jp/kurashi/gomi/kateigomi/dashikata/1004978.html,200,37199,8222,OK,
M011,S-M011-01,https://www.town.oizumi.gunma.jp/s024/kurashi/010/010/110/20200725200909.html,200,17198,5095,OK,
M011,S-M011-02,https://www.town.oizumi.gunma.jp/s024/kurashi/010/010/110/R8-illust-j.pdf,200,594282,1606,OK,
M011,S-M011-03,https://www.town.oizumi.gunma.jp/s024/kurashi/010/010/100/20200723202152.html,200,89593,60799,OK,
M011,S-M011-04,https://www.town.oizumi.gunma.jp/s024/kurashi/010/010/060/20200719180450.html,200,15132,4691,OK,
M012,S-M012-01,https://www.city.satte.lg.jp/soshiki/kankyou/1/1/13626.html,200,53303,6661,OK,
M012,S-M012-02,https://www.city.satte.lg.jp/material/files/group/14/setumei.pdf,200,6457639,24499,OK,
M013,S-M013-01,https://www.city.minato.tokyo.jp/documents/6284/20260604115859.pdf,200,9842972,33313,OK,
M013,S-M013-02,https://www.city.minato.tokyo.jp/gomigenryou/kurashi/gomi/kate/k-wakekata/guidebook.html,200,25528,5587,OK,
M013,S-M013-03,https://www.city.minato.tokyo.jp/gomigenryou/kurashi/gomi/kate/s-wakekata/,200,26538,5926,OK,
M013,S-M013-04,https://www.city.minato.tokyo.jp/gomigenryou/kurashi/gomi/kate/k-wakekata/kanen.html,200,29761,7619,OK,
M013,S-M013-05,https://www.city.minato.tokyo.jp/gomigenryou/kurashi/gomi/kate/k-wakekata/funen.html,200,24624,6637,OK,
M013,S-M013-06,https://www.city.minato.tokyo.jp/gomigenryou/kurashi/gomi/kate/k-wakekata/sodaigomi.html,200,31886,10860,OK,
M013,S-M013-07,https://www.city.minato.tokyo.jp/unei/kurashi/gomi/kate/dekinai/,200,26675,6129,OK,
M013,S-M013-08,https://www.city.minato.tokyo.jp/easyjp/life/waste/,200,23187,4972,OK,
M014,S-M014-01,https://www.city.sumida.lg.jp/kurashi/gomi_recycle/wakedashi_pamphlet/japanese.html,200,55089,8671,OK,
M014,S-M014-02,https://www.city.sumida.lg.jp/kurashi/gomi_recycle/wakedashi_pamphlet/japanese.files/wakedashi202603.pdf,200,10445786,0,ERROR,ValueError: extracted text too short
M015,S-M015-01,https://www.city.chuo.lg.jp/a0039/kurashi/gomi/bunbetsu/wakekata/panhuretto.html,200,18752,5256,OK,
M015,S-M015-02,https://www.city.chuo.lg.jp/documents/5392/1p-27p.pdf,200,8707316,0,ERROR,ValueError: extracted text too short
M015,S-M015-03,https://www.city.chuo.lg.jp/documents/5392/28p-52p.pdf,200,8052241,0,ERROR,ValueError: extracted text too short
M016,S-M016-01,https://www.city.miura.kanagawa.jp/soshiki/haikibutsutaisakuka/gomi_katei/3007.html,200,56062,5111,OK,
M016,S-M016-02,https://www.city.miura.kanagawa.jp/material/files/group/39/P1-P4.pdf,200,3181150,948,OK,
M016,S-M016-03,https://www.city.miura.kanagawa.jp/material/files/group/39/P5-P8.pdf,200,2758180,971,OK,
M016,S-M016-04,https://www.city.miura.kanagawa.jp/material/files/group/39/P9-P12.pdf,200,3046406,79,OK,
M016,S-M016-05,https://www.city.miura.kanagawa.jp/material/files/group/39/P13-P15.pdf,200,1297989,3431,OK,
M016,S-M016-06,https://www.city.miura.kanagawa.jp/material/files/group/39/P16-P18.pdf,200,2360582,1976,OK,
M016,S-M016-07,https://www.city.miura.kanagawa.jp/material/files/group/39/P19-P21.pdf,200,2468039,1096,OK,
M017,S-M017-01,https://www.city.niigata.lg.jp/kurashi/gomi/gomishigen/gomidasi/niigata/index.html,200,28224,6986,OK,
M017,S-M017-02,https://www.city.niigata.lg.jp/kurashi/gomi/gomishigen/gomidasi/gomi_calemder/index.html,200,20862,4149,OK,
M018,S-M018-01,https://www.city.mizuho.lg.jp/1750.htm,200,42131,2499,OK,
M018,S-M018-02,https://www.city.mizuho.lg.jp/secure/1610/R7-1.pdf,200,737319,0,ERROR,ValueError: extracted text too short
M019,S-M019-01,https://www.city.yamagata.gifu.jp/soshiki/shimin/1835.html,200,19843,3651,OK,
M019,S-M019-02,https://www.city.yamagata.gifu.jp/uploaded/attachment/19770.pdf,200,256568,10640,OK,
M020,S-M020-01,https://www.city.shizuoka.lg.jp/gomi/s000668.html,200,17535,4976,OK,
M020,S-M020-02,https://www.city.shizuoka.lg.jp/documents/667/2024_gominodasikataguidebook_aoisurugaku_2.pdf,200,5138339,6498,OK,
M020,S-M020-03,https://www.city.shizuoka.lg.jp/documents/667/2024_gominodasikataguidebook_shimizuku_1.pdf,200,7557565,7622,OK,
M021,S-M021-01,https://www.info.city.tsu.mie.jp/kurashi/gomi_kankyo/1001596/1001597/1001598.html,200,35051,5997,OK,
M021,S-M021-02,https://www.info.city.tsu.mie.jp/_res/projects/default_project/_page_/001/001/598/8.4guidebook.pdf,200,6815304,43144,OK,
M021,S-M021-03,https://www.info.city.tsu.mie.jp/_res/projects/default_project/_page_/001/001/598/bessatu20240606.pdf,200,1700618,79822,OK,
M022,S-M022-01,https://www.city.shijonawate.lg.jp/page/16-60240.html,200,31982,7441,OK,
M022,S-M022-02,https://www.city.shijonawate.lg.jp/uploaded/attachment/37047.pdf,200,14691757,24351,OK,
M023,S-M023-01,https://www.city.osaka.lg.jp/kankyo/page/0000009337.html,200,62958,19655,OK,
M023,S-M023-02,https://www.city.osaka.lg.jp/kankyo/page/0000201907.html,200,602338,316256,OK,
M023,S-M023-03,https://www.city.osaka.lg.jp/kankyo/page/0000009139.html,200,46274,10746,OK,
M024,S-M024-01,https://www.city.kobe.lg.jp/a04164/kurashi/recycle/gomi/dashikata/calendar/suma/jinbucho.html,200,24090,3802,OK,
M024,S-M024-02,https://www.city.kobe.lg.jp/a04164/kurashi/recycle/gomi/faq/qa.html,200,32958,17743,OK,
M024,S-M024-03,https://www.city.kobe.lg.jp/a04164/kurashi/recycle/gomi/dashikata/calendar/pattern.html,200,47838,8096,OK,
M025,S-M025-01,https://www.city.toyooka.lg.jp/kurashi/gomikankyo/gomi/1000944/1000945.html,200,42471,10953,OK,
M025,S-M025-02,https://www.city.toyooka.lg.jp/kurashi/gomikankyo/gomi/1000944/1009335.html,200,27683,8130,OK,
M026,S-M026-01,https://www.city.himeji.lg.jp/kurashi/category/2-10-3-5-0-0-0-0-0-0.html,200,71383,10054,OK,
M026,S-M026-02,https://www.city.himeji.lg.jp/kurashi/0000000097.html,200,155200,63809,OK,
M026,S-M026-03,https://www.city.himeji.lg.jp/kurashi/0000000255.html,200,90553,20592,OK,
M027,S-M027-01,https://www.city.yamatokoriyama.lg.jp/soshiki/cleancenter/gomi_recycle/26/1374.html,200,51532,6505,OK,
M027,S-M027-02,https://www.city.yamatokoriyama.lg.jp/soshiki/cleancenter/gomi_recycle/26/15036.html,200,48073,4022,OK,
M027,S-M027-03,https://www.city.yamatokoriyama.lg.jp/soshiki/cleancenter/gomi_recycle/26/1376.html,200,48473,3788,OK,
M028,S-M028-01,https://www.town.yura.wakayama.jp/docs/2014011700505/,,0,0,ERROR,"ConnectTimeout: HTTPSConnectionPool(host='www.town.yura.wakayama.jp', port=443): Max retries exceeded with url: /docs/2014011700505/ (Caused by ConnectTimeoutError(<HTTPSConnection(host='www.town.yura.wakayama.jp', port=443) at 0x7f7f5071bfb0>, 'Connection to www.town.yura.wakayama.jp timed out. (connect timeout=6)'))"
M028,S-M028-02,https://www.town.yura.wakayama.jp/docs/2025122500014/files/202603.pdf,,0,0,ERROR,"ConnectTimeout: HTTPSConnectionPool(host='www.town.yura.wakayama.jp', port=443): Max retries exceeded with url: /docs/2025122500014/files/202603.pdf (Caused by ConnectTimeoutError(<HTTPSConnection(host='www.town.yura.wakayama.jp', port=443) at 0x7f7f74f6e840>, 'Connection to www.town.yura.wakayama.jp timed out. (connect timeout=6)'))"
M029,S-M029-01,https://www.city.tottori.lg.jp/page/4083.html,200,40550,5912,OK,
M029,S-M029-02,https://www.city.tottori.lg.jp/page/31552.html,200,212120,37008,OK,
M030,S-M030-01,https://www.city.yonago.lg.jp/1880.htm,200,80453,8811,OK,
M030,S-M030-02,https://www.city.yonago.lg.jp/10367.htm,200,52512,2322,OK,
M030,S-M030-03,https://www.city.yonago.lg.jp/6357.htm,200,57845,3149,OK,
M030,S-M030-04,https://www.city.yonago.lg.jp/23285.htm,200,53626,2680,OK,
M031,S-M031-01,https://www.city.kurayoshi.lg.jp/1878.htm,200,78908,2610,OK,
M031,S-M031-02,https://www.city.kurayoshi.lg.jp/1897.htm,200,85800,3218,OK,
M032,S-M032-01,https://www.city.sakaiminato.lg.jp/index.php?view=108858,200,29686,1317,OK,
M032,S-M032-02,https://www.city.sakaiminato.lg.jp/m/index.php?view=1695,200,1635,157,OK,
M033,S-M033-01,https://www.iwami.gr.jp/1112.htm,200,62397,2225,OK,
M033,S-M033-02,https://www.iwami.gr.jp/1111.htm,200,64250,2687,OK,
M034,S-M034-01,https://www.town.wakasa.tottori.jp/soshikikarasagasu/zeimujuminka/gyoumuannai/chominka/1/1/1/574.html,200,55271,8212,OK,
M035,S-M035-01,https://www1.town.chizu.tottori.jp/chizu/zeimu/gomi/bunbetsu/bunrui/,200,21405,1079,OK,
M035,S-M035-02,https://www1.town.chizu.tottori.jp/chizu/zeimu/gomi/p624-copy-2/,200,26332,1749,OK,
M035,S-M035-03,https://www1.town.chizu.tottori.jp/chizu/zeimu/gomi/bunbetsu/gomi01/,200,28772,2577,OK,
M035,S-M035-04,https://www1.town.chizu.tottori.jp/chizu/zeimu/gomi/bunbetsu/gomi02/,200,25904,2076,OK,
M036,S-M036-01,https://www.town.yazu.tottori.jp/site/gomi/1048.html,200,22699,3746,OK,
M036,S-M036-02,https://www.town.yazu.tottori.jp/site/gomi/1047.html,200,32124,8885,OK,
M036,S-M036-03,https://www.town.yazu.tottori.jp/site/gomi/7845.html,200,27836,6446,OK,
M037,S-M037-01,https://www.town.misasa.tottori.jp/315/319/324/764/1901/1906/,200,39732,5655,OK,
M037,S-M037-02,https://www.town.misasa.tottori.jp/315/319/324/764/1901/1906/20959.html,200,41247,6199,OK,
M038,S-M038-01,https://www.yurihama.jp/soshiki/4/1431.html,200,23231,5145,OK,
M038,S-M038-02,https://www.yurihama.jp/soshiki/4/26990.html,200,26354,5429,OK,
M039,S-M039-01,https://www.town.kotoura.tottori.jp/docs/2012121300677/,200,41438,9828,OK,
M039,S-M039-02,https://www.town.kotoura.tottori.jp/docs/2025030400055/,200,27153,4091,OK,
M040,S-M040-01,https://www.e-hokuei.net/soshiki/5/1341.html,200,40457,6149,OK,
M040,S-M040-02,https://www.e-hokuei.net/soshiki/5/1337.html,200,42665,7547,OK,
M040,S-M040-03,https://www.e-hokuei.net/soshiki/2/4862.html,200,60949,29598,OK,
M041,S-M041-01,https://www.hiezu.jp/%E5%90%84%E8%AA%B2%E4%B8%80%E8%A6%A7/%E4%BD%8F%E6%B0%91%E8%AA%B2/%E7%92%B0%E5%A2%83%E3%83%BB%E3%82%B4%E3%83%9F/%E3%82%B4%E3%83%9F/%E3%82%B4%E3%83%9F%E3%81%AE%E5%88%86%E3%81%91%E6%96%B9%E3%81%AB%E3%81%A4%E3%81%84%E3%81%A6/,200,97715,830,OK,
M041,S-M041-02,https://www.hiezu.jp/%E3%82%B4%E3%83%9F%E3%81%AE%E5%8F%8E%E9%9B%86%E6%97%A5%E3%81%AB%E3%81%A4%E3%81%84%E3%81%A6/,200,99242,1261,OK,
M041,S-M041-03,https://www.hiezu.jp/user/filer_public/68/02/6802772b-964a-4a93-8ce0-9594e1ca9fa8/r4gomifen-kefang-zao-jian-biao.pdf,404,0,0,ERROR,HTTPError: 404 Client Error: Not Found for url: https://www.hiezu.jp/user/filer_public/68/02/6802772b-964a-4a93-8ce0-9594e1ca9fa8/r4gomifen-kefang-zao-jian-biao.pdf
M042,S-M042-01,https://www.daisen.jp/user/filer_public/b1/61/b1611d62-e336-4068-8123-b4ec28cb25f6/gomi-funbetu-tebiki-kaiteiban.pdf,404,0,0,ERROR,HTTPError: 404 Client Error: Not Found for url: https://www.daisen.jp/user/filer_public/b1/61/b1611d62-e336-4068-8123-b4ec28cb25f6/gomi-funbetu-tebiki-kaiteiban.pdf
M042,S-M042-02,https://www.daisen.jp/10/4/4/r100/s542/,200,22118,1370,OK,
M042,S-M042-03,https://www.daisen.jp/10/4/4/m855/n462/x191/,200,29941,2166,OK,
M042,S-M042-04,https://www.daisen.jp/10/4/4/r100/m165/,200,24849,1814,OK,
M043,S-M043-01,https://www.town.nanbu.tottori.jp/admin/chouminseikatsuka/gomi1/g141/,200,32193,4586,OK,
M043,S-M043-02,https://www.town.nanbu.tottori.jp/admin/chouminseikatsuka/gomi1/y145/,200,24184,3870,OK,
M044,S-M044-01,https://www.houki-town.jp/new1/10/12/gomi/6/c935/,200,23790,2287,OK,
M044,S-M044-02,https://www.houki-town.jp/new1/10/12/gomi/m131-copy/,200,20741,1954,OK,
M044,S-M044-03,https://www.houki-town.jp/new1/10/12/gomi/6/2/,200,18439,1500,OK,
M045,S-M045-01,https://www.town.nichinan.lg.jp/material/files/group/31/nichinantyou_gomibunbetu202503.pdf,200,1146614,3103,OK,
M045,S-M045-02,https://www.town.nichinan.lg.jp/soshikikarasagasu/kankyouenergyka/gomi_kankyo_pet/1/22079.html,200,50729,4724,OK,
M046,S-M046-01,https://www.town.hino.tottori.jp/secure/43691/2026karendagetumoku.pdf,200,3004045,10393,OK,
M046,S-M046-02,https://www.town.hino.tottori.jp/2653.htm,200,41130,1636,OK,
M046,S-M046-03,https://www.town.hino.tottori.jp/4352.htm,200,41415,1807,OK,
M047,S-M047-01,https://www.town-kofu.jp/2/1/4/9/2/,200,43373,6446,OK,
M047,S-M047-02,https://www.town-kofu.jp/2/1/4/9/2/g103/,200,24234,2841,OK,
M048,S-M048-01,https://www.city.matsue.lg.jp/kurashi_tetsuzuki/gomi_kankyo_pet/6/2/7883.html,200,54347,6485,OK,
M048,S-M048-02,https://www.city.matsue.lg.jp/kurashi_tetsuzuki/gomi_kankyo_pet/6/R8gominittei/index.html,200,47151,2242,OK,
M048,S-M048-03,https://www.city.matsue.lg.jp/kurashi_tetsuzuki/gomi_kankyo_pet/6/2/index.html,200,45573,2505,OK,
M049,S-M049-01,https://www.city.hamada.shimane.jp/www/contents/1001000003096/index.html,200,53068,16361,OK,
M049,S-M049-02,https://www.city.hamada.shimane.jp/www/genre/1773704279895/index.html,200,24557,4073,OK,
M049,S-M049-03,https://www.city.hamada.shimane.jp/www/genre/1000170010135/index.html,200,28867,4936,OK,
M050,S-M050-01,https://www.city.izumo.shimane.jp/www/contents/1751940594041/index.html,200,30028,4943,OK,
M050,S-M050-02,https://www.city.izumo.shimane.jp/www/genre/1179814088744/index.html,200,36489,8769,OK,
M050,S-M050-03,https://www.city.izumo.shimane.jp/www/contents/1746759657207/index.html,200,32687,5917,OK,
M051,S-M051-01,https://www.city.masuda.lg.jp/soshikikarasagasu/fukushikankyobu/kankyoeiseika/2/11/2554.html,200,57962,12043,OK,
M051,S-M051-02,https://www.city.masuda.lg.jp/kurashi_tetsuzuki/gomi_recycle/kateikaraderugomi/3/9443.html,200,57106,10249,OK,
M052,S-M052-01,https://www.city.oda.lg.jp/ohda_city/city_organization/33/38/gomi-risaikuru/2028/9495,200,22771,1936,OK,
M052,S-M052-02,https://www.city.oda.lg.jp/ohda_city/city_purpose/138/9407,200,24388,1851,OK,
M052,S-M052-03,https://www.city.oda.lg.jp/ohda_city/city_organization/33/38/gomi-risaikuru/2028/zikohan/,200,22272,1803,OK,
M053,S-M053-01,https://www.city.yasugi.shimane.jp/kurashi/gomi/gomi-recycle/tebiki.html,200,10151,1261,OK,
M053,S-M053-02,https://www.city.yasugi.shimane.jp/kurashi/gomi/gomi-recycle/calendar.html,200,86586,11586,OK,
M054,S-M054-01,https://www.city.gotsu.lg.jp/soshiki/12/39048.html,200,28154,5388,OK,
M054,S-M054-02,https://www.city.gotsu.lg.jp/soshiki/12/8529.html,200,37645,5743,OK,
M055,S-M055-01,https://www.city.unnan.shimane.jp/unnan/kurashi/kankyou/recycle/garbage02.html,200,26017,2416,OK,
M055,S-M055-02,https://www.unnan-yume.net/files/format/kankyo_ebook_enesen.pdf,200,6453710,28100,OK,
M055,S-M055-03,https://www.unnan-yume.net/files/format/kankyo_ebook_iishi.pdf,200,6156275,28199,OK,
M055,S-M055-04,https://www.unnan-yume.net/kankyo/gomi-calendar/calendar.php,200,69646,6841,OK,
M056,S-M056-01,https://www.town.okuizumo.shimane.jp/www/contents/1773388412727/files/r8gomibunbetsu.pdf,200,1393774,2826,OK,
M056,S-M056-02,https://www.town.okuizumo.shimane.jp/kurashi/gomi-recycle/1001000000397.html,200,32019,1036,OK,
M056,S-M056-03,https://www.town.okuizumo.shimane.jp/kurashi/gomi-recycle/1773388412727.html,200,32196,1065,OK,
M057,S-M057-01,https://www.iinan.jp/soshiki/8/1865.html,200,17316,2252,OK,
M057,S-M057-02,https://www.unnan-yume.net/files/format/kankyo_ebook_iishi.pdf,200,6156275,28199,OK,
M057,S-M057-03,https://www.unnan-yume.net/kankyo/gomi-calendar/calendar.php,200,69646,6841,OK,
M058,S-M058-01,https://www.town.shimane-kawamoto.lg.jp/gyosei/gyosei_environment/environment/4377,200,21962,1252,OK,
M058,S-M058-02,https://www.town.shimane-kawamoto.lg.jp/files/original/20260331171521171fa6559a6.pdf,200,298181,2257,OK,
M058,S-M058-03,https://www.town.shimane-kawamoto.lg.jp/gyosei/gyosei_environment/environment/gomibukuro,200,21358,1230,OK,
M059,S-M059-01,https://gov.town.shimane-misato.lg.jp/kurasi/kankyo/246/guide,200,15062,1043,OK,
M059,S-M059-02,https://gov.town.shimane-misato.lg.jp/kurasi/kankyo/246/1482,200,19110,1194,OK,
M059,S-M059-03,https://gov.town.shimane-misato.lg.jp/kurasi/kankyo/246/qa,200,25235,3807,OK,
M060,S-M060-01,https://www.town.ohnan.lg.jp/soshiki/4/1072.html,200,34555,11754,OK,
M060,S-M060-02,https://www.town.ohnan.lg.jp/soshiki/4/1267.html,200,24840,4622,OK,
M060,S-M060-03,https://www.town.ohnan.lg.jp/www/contents/1725430530282/simple/keikaku.pdf,404,0,0,ERROR,HTTPError: 404 Client Error: Not Found for url: https://www.town.ohnan.lg.jp/www/contents/1725430530282/simple/keikaku.pdf
M061,S-M061-01,https://www.town.tsuwano.lg.jp/www/contents/1000000358000/index.html,200,21323,4159,OK,
M061,S-M061-02,https://www.town.tsuwano.lg.jp/www/contents/1000000358000/simple/gominowakekatadasikatanotebikisyo.pdf,200,5806106,37449,OK,
M061,S-M061-03,https://www.town.tsuwano.lg.jp/www/contents/1000000356000/index.html,200,31034,7650,OK,
M062,S-M062-01,https://www.town.yoshika.lg.jp/kurashi/seikatsu/gomi/gomi.html,200,14029,1400,OK,
M062,S-M062-02,https://www.town.yoshika.lg.jp/kurashi/seikatsu/gomi/gomikarennda-.html,200,18468,1277,OK,
M062,S-M062-03,https://www.town.yoshika.lg.jp/kurashi/seikatsu/gomi/shigengomi.html,200,13385,1554,OK,
M062,S-M062-04,https://www.town.yoshika.lg.jp/kurashi/seikatsu/gomi/gomi.data/raitabunnbetu.pdf,200,127994,543,OK,
M063,S-M063-01,https://www.town.ama.shimane.jp/kurashi-tetsuduki/kurashi/gomi-recycle/r44t8e7yf3,200,192088,727,OK,
M063,S-M063-02,https://www.town.ama.shimane.jp/kurashi-tetsuduki/kurashi/gomi-recycle/r44t8e7yf3,200,192088,727,OK,
M064,S-M064-01,https://www.town.nishinoshima.shimane.jp/bunya/b_sumai/b_gomi/833,200,17570,3216,OK,
M064,S-M064-02,https://www.town.nishinoshima.shimane.jp/files/original/202601221430235172519a52c.pdf,200,322581,8567,OK,
M066,S-M066-01,https://www.town.okinoshima.shimane.jp/kurashi/gomi-kankyo/katei_gomi/2/5013.html,200,60338,5871,OK,
M066,S-M066-02,https://www.town.okinoshima.shimane.jp/soshiki/kankyo/gyomu/1/1/1/242.html,200,58981,4863,OK,
M066,S-M066-03,https://www.town.okinoshima.shimane.jp/section/reiki_int/reiki_honbun/r074RG00000334.html,200,62556,16950,OK,
M067,S-M067-01,https://www.city.okayama.jp/kurashi/category/1-12-7-10-0-0-0-0-0-0.html,200,19533,2190,OK,
M067,S-M067-02,https://www.city.okayama.jp/kurashi/category/1-12-7-10-7-0-0-0-0-0.html,200,21548,2510,OK,
M067,S-M067-03,https://www.city.okayama.jp/kurashi/0000053082.html,200,27954,6821,OK,
M067,S-M067-04,https://www.city.okayama.jp/kurashi/0000028002.html,200,31203,8099,OK,
M068,S-M068-01,https://www.city.kurashiki.okayama.jp/kurashi/kankyo/1003645/1013690/index.html,200,28119,6489,OK,
M068,S-M068-02,https://www.city.kurashiki.okayama.jp/kurashi/kankyo/1003645/1013690/1012155.html,200,423764,141574,OK,
M069,S-M069-01,https://www.city.tsuyama.lg.jp/common/photo/free/files/15157/202207061635570688633.pdf,200,1524520,57094,OK,
M069,S-M069-02,https://www.city.tsuyama.lg.jp/common/photo/free/files/7728/202405151157250785579.pdf,200,7347279,7992,OK,
M070,S-M070-01,https://www.city.tamano.lg.jp/site/recycle/1630.html,200,22597,5237,OK,
M071,S-M071-01,https://www.city.kasaoka.okayama.jp/soshiki/18/7239.html,200,23633,3807,OK,
M071,S-M071-02,https://www.city.kasaoka.okayama.jp/soshiki/18/1822.html,200,24481,4359,OK,
M071,S-M071-03,https://www.city.kasaoka.okayama.jp/soshiki/18/74031.html,200,22865,3694,OK,
M071,S-M071-04,https://www.city.kasaoka.okayama.jp/soshiki/18/1738.html,,0,0,ERROR,"ReadTimeout: HTTPSConnectionPool(host='www.city.kasaoka.okayama.jp', port=443): Read timed out. (read timeout=6)"
M071,S-M071-05,https://www.city.kasaoka.okayama.jp/soshiki/18/1746.html,200,22898,3499,OK,
M072,S-M072-01,https://www.city.ibara.okayama.jp/soshiki/13/13158.html,200,32644,8580,OK,
M072,S-M072-02,https://www.city.ibara.okayama.jp/soshiki/13/19195.html,200,34139,7692,OK,
M072,S-M072-03,https://www.city.ibara.okayama.jp/soshiki/13/1437.html,200,28596,6071,OK,
M072,S-M072-04,https://www.city.ibara.okayama.jp/soshiki/13/18463.html,200,29560,6678,OK,
M073,S-M073-01,https://www.city.soja.okayama.jp/soshiki/34/4198.html,200,52733,8611,OK,
M074,S-M074-01,https://www.city.takahashi.lg.jp/soshiki/14/gomibunbetsu.html,200,16071,4983,OK,
M075,S-M075-01,https://www.city.niimi.okayama.jp/kurashi/kurashi_detail/index/37602.html,200,42354,3090,OK,
M077,S-M077-01,https://www.city.setouchi.lg.jp/soshiki/14/138748.html,200,23797,4458,OK,
M077,S-M077-02,https://www.city.setouchi.lg.jp/uploaded/attachment/126501.pdf,200,1433534,4944,OK,
M077,S-M077-03,https://www.city.setouchi.lg.jp/soshiki/14/154186.html,200,24011,6185,OK,
M077,S-M077-04,https://www.city.setouchi.lg.jp/soshiki/14/139499.html,200,21770,3433,OK,
M078,S-M078-01,https://www.city.akaiwa.lg.jp/kurashi/gomi/gomi/kankyo_center/gomibunbetu/index.html,200,38643,2206,OK,
M078,S-M078-02,https://www.city.akaiwa.lg.jp/kurashi/gomi/gomi/kankyo_center/gomibunbetu/7755.html,200,42541,4916,OK,
M078,S-M078-03,https://www.city.akaiwa.lg.jp/annai/shiminseikatsu/kankyou/kurashi/kankyo_eisei/gomi/kankyo_center/gomibunnbetu/9352.html,200,50735,10475,OK,
M079,S-M079-01,https://www.city.maniwa.lg.jp/soshiki/171/98300.html,200,26552,11387,OK,
M079,S-M079-02,https://www.city.maniwa.lg.jp/uploaded/attachment/35804.pdf,200,985831,1594,OK,
M080,S-M080-01,https://www.city.mimasaka.lg.jp/soshiki/shimin/kankyo/Cleancenter/life_guide01.html,200,178019,23132,OK,
M080,S-M080-02,https://www.city.mimasaka.lg.jp/material/files/group/14/REIWA8NENNDOGOMMIKARENNDA-1.pdf,200,2547405,34113,OK,
M081,S-M081-01,https://www.city.asakuchi.lg.jp/page/1109.html,200,28367,6635,OK,
M081,S-M081-02,https://www.city.asakuchi.lg.jp/page/1143.html,200,28127,6351,OK,
M081,S-M081-03,https://www.city.asakuchi.lg.jp/page/14587.html,200,28305,6547,OK,
M082,S-M082-01,https://www.town.wake.lg.jp/soshiki/seikatsukankyo/gyomu/1/1999.html,200,50295,3658,OK,
M082,S-M082-02,https://www.town.wake.lg.jp/material/files/group/21/syuusyuunittei4.pdf,200,845977,4074,OK,
M083,S-M083-01,https://www.town.hayashima.lg.jp/soshiki/jogesuido/gyomu/gomi/katei_gomi/bunbetsu/1638.html,200,55152,8137,OK,
M083,S-M083-02,https://www.town.hayashima.lg.jp/soshiki/jogesuido/gyomu/gomi/katei_gomi/bunbetsu/1887.html,200,48359,3324,OK,
M084,S-M084-01,https://www.town.satosho.okayama.jp/site/recycle/,200,15935,2217,OK,
M084,S-M084-02,https://www.town.satosho.okayama.jp/site/recycle/1248.html,200,19924,5592,OK,
M084,S-M084-03,https://www.town.satosho.okayama.jp/site/recycle/2040.html,200,19371,5507,OK,
M085,S-M085-01,https://www.town.yakage.okayama.jp/life/kankyo/gomi.html,,0,0,ERROR,"SSLError: HTTPSConnectionPool(host='www.town.yakage.okayama.jp', port=443): Max retries exceeded with url: /life/kankyo/gomi.html (Caused by SSLError(SSLCertVerificationError(1, ""[SSL: CERTIFICATE_VERIFY_FAILED] certificate verify failed: Hostname mismatch, certificate is not valid for 'www.town.yakage.okayama.jp'. (_ssl.c:1010)"")))"
M087,S-M087-01,https://www.town.kagamino.lg.jp/uploaded/attachment/10954.pdf,200,6532180,0,ERROR,ValueError: extracted text too short
M087,S-M087-02,https://www.town.kagamino.lg.jp/soshiki/1/1091.html,200,19467,3776,OK,
M087,S-M087-03,https://www.town.kagamino.lg.jp/uploaded/attachment/14008.pdf,200,5563042,51975,OK,
M088,S-M088-01,https://www.town.shoo.lg.jp/soshiki/16/1248.html,200,30655,6379,OK,
M088,S-M088-02,https://www.town.shoo.lg.jp/soshiki/16/,200,30566,7028,OK,
M089,S-M089-01,https://www.town.nagi.okayama.jp/gyousei/kurashi/shinyou_gomi_risaikuru/gomi_risaikuru/gomi_shushu.html,200,29408,9348,OK,
M090,S-M090-01,https://www.vill.nishiawakura.okayama.jp/wp/%E3%81%94%E3%81%BF%E3%81%AE%E5%87%BA%E3%81%97%E6%96%B9%E3%81%A8%E3%81%94%E3%81%BF%E5%8F%8E%E9%9B%86%E3%82%AB%E3%83%AC%E3%83%B3%E3%83%80%E3%83%BC/,200,40971,1119,OK,
M090,S-M090-02,https://www.vill.nishiawakura.okayama.jp/wp/wp-content/uploads/2023/03/0ca6f4a15b068ee9f193023d607dc9f0.pdf,200,177173,2740,OK,
M091,S-M091-01,https://www.town.kumenan.lg.jp/living/dust_recycle/dust_recycle/bunbetsu.html,200,27517,11942,OK,
M092,S-M092-01,https://www.town.okayama-misaki.lg.jp/kurashi/gomi-kankyo/1/1/1916.html,200,79169,16782,OK,
M092,S-M092-02,https://www.town.okayama-misaki.lg.jp/material/files/group/8/R8gomicalendar_chuo.pdf,200,111323,4142,OK,
M093,S-M093-01,https://www.town.kibichuo.lg.jp/soshiki/7/4401.html,200,28125,2906,OK,
M093,S-M093-02,https://www.town.kibichuo.lg.jp/uploaded/attachment/12948.pdf,200,103066,970,OK,
M094,S-M094-01,https://www.city.hiroshima.lg.jp/living/gomi-kankyo/1021277/1003072/1026095/1026096/1003182.html,200,94696,31118,OK,
M094,S-M094-02,https://www.city.hiroshima.lg.jp/_res/projects/default_project/_page_/001/003/182/2026.pdf,200,7109558,583,OK,
M094,S-M094-03,https://www.city.hiroshima.lg.jp/living/gomi-kankyo/1021277/1003072/1026094/1003180.html,200,50238,8681,OK,
M095,S-M095-01,https://www.city.kure.lg.jp/soshiki/19/gomidasicalender2026.html,200,83134,16473,OK,
M095,S-M095-02,https://www.city.kure.lg.jp/soshiki/19/gomidasicalender2026.html,200,83135,16473,OK,
M096,S-M096-01,https://www.city.takehara.lg.jp/soshikikarasagasu/chiikizukurika/gyomuannai/1_1/2_1/7243.html,200,69636,8453,OK,
M096,S-M096-02,https://www.city.takehara.lg.jp/material/files/group/7/01gomi.pdf,200,569574,1233,OK,
M097,S-M097-01,https://www.city.mihara.hiroshima.jp/soshiki/23/112554.html,200,23292,4440,OK,
M097,S-M097-02,https://www.city.mihara.hiroshima.jp/soshiki/23/112747.html,200,20669,4143,OK,
M101,S-M101-01,https://www.city.miyoshi.hiroshima.jp/garbage-item/search/garbage_rule.php,200,17689,803,OK,
M101,S-M101-02,https://www.city.miyoshi.hiroshima.jp/garbage-item/search/search.php,200,25922,1006,OK,
M102,S-M102-01,https://www.city.shobara.hiroshima.jp/main/life/waste/post_502.html,200,17939,2138,OK,
M102,S-M102-02,https://www.city.shobara.hiroshima.jp/main/2026/05/b6dc044e36ef6e5fe182c3d6e19651b8.pdf,200,4509369,42718,OK,
M102,S-M102-03,https://www.city.shobara.hiroshima.jp/main/2026/05/f425cb7cb962951470a777e677d0cd81.pdf,200,1253372,2219,OK,
M102,S-M102-04,https://www.gomisaku.jp/0258/,200,31720,673,OK,
M102,S-M102-05,https://www.city.shobara.hiroshima.jp/main/life/waste/post_1331.html,200,14751,1116,OK,
M103,S-M103-01,https://www.city.otake.hiroshima.jp/material/files/group/7/reiwa8nenndogomikarenndaAtiku.pdf,200,5891330,27797,OK,
M103,S-M103-02,https://www.city.otake.hiroshima.jp/kurashi/kankyo/1/1592976944471.html,200,165604,79085,OK,
M103,S-M103-03,https://www.city.otake.hiroshima.jp/material/files/group/7/ippanhaikibutushorikihonkeikaku.pdf,200,12372254,63346,OK,
M104,S-M104-01,https://www.city.higashihiroshima.lg.jp/soshiki/seikatsukankyo/8/4/1/index.html,200,44332,3269,OK,
M104,S-M104-02,https://www.city.higashihiroshima.lg.jp/soshiki/seikatsukankyo/8/4/1/21963.html,200,61817,12907,OK,
M104,S-M104-03,https://www.city.higashihiroshima.lg.jp/section/reiki_int/reiki_honbun/m313RG00000594.html,200,202857,62113,OK,
M105,S-M105-01,https://www.city.hatsukaichi.hiroshima.jp/soshiki/31/78499.html,200,28010,6192,OK,
M105,S-M105-02,https://www.city.hatsukaichi.hiroshima.jp/soshiki/31/78355.html,200,255783,100928,OK,
M105,S-M105-03,https://www.city.hatsukaichi.hiroshima.jp/soshiki/31/12535.html,200,48262,11394,OK,
M106,S-M106-01,https://www.akitakata.jp/ja/shisei/section/siminseikatu/gomi22/,200,38042,4547,OK,
M107,S-M107-01,https://www.city.etajima.hiroshima.jp/cms/articles/download/11923/1/R8_nihonngo.pdf,200,3365963,0,ERROR,ValueError: extracted text too short
M107,S-M107-02,https://www.city.etajima.hiroshima.jp/cms/articles/show/11608,200,21933,1446,OK,
M107,S-M107-03,https://www.city.etajima.hiroshima.jp/cms/articles/show/11923,200,25533,1668,OK,
M108,S-M108-01,https://www.town.fuchu.hiroshima.jp/uploaded/attachment/31359.pdf,200,2623844,10783,OK,
M108,S-M108-02,https://www.town.fuchu.hiroshima.jp/site/kankyousenta/34617.html,200,34203,3181,OK,
M109,S-M109-01,https://www.town.kaita.lg.jp/uploaded/life/44980_122640_misc.pdf,200,1145775,5013,OK,
M109,S-M109-02,https://www.town.kaita.lg.jp/soshiki/10/135455.html,200,17708,2851,OK,
M110,S-M110-01,https://www.town.kumano.lg.jp/8/1/3/2/3569.html,200,58166,4088,OK,
M110,S-M110-02,https://www.town.kumano.lg.jp/8/1/3/2/1/3572.html,200,57907,4348,OK,
M111,S-M111-01,https://www.town.saka.lg.jp/2014/04/01/gomi_dashikata/,200,341762,9661,OK,
M112,S-M112-01,https://www.akiota.jp/soshiki/13/2397.html,200,26357,8893,OK,
M112,S-M112-02,https://www.akiota.jp/uploaded/attachment/9505.pdf,200,2133458,6891,OK,
M113,S-M113-01,https://www.town.kitahiroshima.lg.jp/soshiki/14/17696.html,200,30609,7752,OK,
M113,S-M113-02,https://www.town.kitahiroshima.lg.jp/uploaded/attachment/23637.pdf,200,2301535,0,ERROR,ValueError: extracted text too short
M114,S-M114-01,https://www.town.osakikamijima.hiroshima.jp/soshiki/joge_suido/1_1/1/1133.html,200,61304,12161,OK,
M115,S-M115-01,https://www.town.sera.hiroshima.jp/soshiki/4/317.html,200,45527,18056,OK,
M116,S-M116-01,https://www.jinsekigun.jp/town/formation/kankyoueisei/03/gomi/,200,28744,2741,OK,
M116,S-M116-02,https://www.jinsekigun.jp/town/formation/kankyoueisei/03/sodai/sodai/,200,28171,2682,OK,
M116,S-M116-03,https://www.jinsekigun.jp/town/formation/kankyoueisei/03/sodai/yugai/,200,24407,1796,OK,
M117,S-M117-01,https://www.city.shimonoseki.lg.jp/site/gomi/143543.html,200,42727,12845,OK,
M117,S-M117-02,https://www.city.shimonoseki.lg.jp/uploaded/attachment/93751.pdf,200,1040364,0,ERROR,ValueError: extracted text too short
M117,S-M117-03,https://www.city.shimonoseki.lg.jp/uploaded/attachment/93738.pdf,200,1252299,0,ERROR,ValueError: extracted text too short
M118,S-M118-01,https://www.city.ube.yamaguchi.jp/kurashi/gomi/dashikata/1001956/index.html,200,26622,4654,OK,
M118,S-M118-02,https://www.city.ube.yamaguchi.jp/kurashi/gomi/dashikata/1001956/1001961.html,200,26359,6370,OK,
M118,S-M118-03,https://www.city.ube.yamaguchi.jp/kurashi/gomi/dashikata/1001966/1014463.html,200,27776,6863,OK,
M118,S-M118-04,https://www.city.ube.yamaguchi.jp/kurashi/gomi/dashikata/1001966/index.html,200,26155,4773,OK,
M119,S-M119-01,https://www.city.yamaguchi.lg.jp/site/gomisigen/188479.html,200,40623,12173,OK,
M119,S-M119-02,https://www.city.yamaguchi.lg.jp/site/gomisigen/69641.html,200,33294,8387,OK,
M119,S-M119-03,https://www.city.yamaguchi.lg.jp/site/gomisigen/69645.html,200,37125,9687,OK,
M119,S-M119-04,https://www.city.yamaguchi.lg.jp/site/gomisigen/79591.html,200,30700,6854,OK,
M119,S-M119-05,https://www.city.yamaguchi.lg.jp/site/gomisigen/92657.html,200,31224,7555,OK,
M119,S-M119-06,https://www.city.yamaguchi.lg.jp/site/gomisigen/161801.html,200,32401,8999,OK,
M121,S-M121-01,https://www.city.hofu.yamaguchi.jp/soshiki/16/calendar-.html,200,45520,12354,OK,
M121,S-M121-02,https://www.city.hofu.yamaguchi.jp/soshiki/16/atarashiigomi-sasshi.html,200,17793,4592,OK,
M121,S-M121-03,https://www.city.hofu.yamaguchi.jp/soshiki/16/gomi-wakekatadashikata.html,200,18364,5366,OK,
M122,S-M122-01,https://www.city.kudamatsu.lg.jp/kankyou/documents/r8jissikeikaku.pdf,200,455181,6694,OK,
M122,S-M122-02,https://www.city.kudamatsu.lg.jp/kankyou/seikatsu/kankyou/kannrikakari/kinzokuhaiki.html,200,18455,4319,OK,
M122,S-M122-03,https://www.city.kudamatsu.lg.jp/kankyou/spraybombe.html,200,13315,2533,OK,
M124,S-M124-01,https://www.city.hikari.lg.jp/kurashi_tetsuzuki/gomi/bunbetu/8851.html,200,107188,6351,OK,
M124,S-M124-02,https://www.city.hikari.lg.jp/soshiki/3/kankyo_jigyo/recycle/haiki/946.html,200,108476,6654,OK,
M124,S-M124-03,https://www.city.hikari.lg.jp/material/files/group/57/r06zisshikeikaku.pdf,404,0,0,ERROR,HTTPError: 404 Client Error: Not Found for url: https://www.city.hikari.lg.jp/material/files/group/57/r06zisshikeikaku.pdf
M124,S-M124-04,https://www.city.hikari.lg.jp/soshiki/3/kankyo_jigyo/recycle/haiki/2344.html,200,109722,8897,OK,
M125,S-M125-01,https://www.city.nagato.yamaguchi.jp/soshiki/8/66178.html,200,33390,7703,OK,
M125,S-M125-02,https://www.city.nagato.yamaguchi.jp/uploaded/attachment/37628.pdf,200,4122676,0,ERROR,ValueError: extracted text too short
M125,S-M125-03,https://www.city.nagato.yamaguchi.jp/uploaded/life/39628_163300_misc.pdf,200,6903840,61600,OK,
M126,S-M126-01,https://www.city-yanai.jp/site/gomi-risaikuru/list141-1221.html,200,21715,3103,OK,
M126,S-M126-02,https://www.city-yanai.jp/site/gomi-risaikuru/gomidashi3.html,200,27944,5778,OK,
M126,S-M126-03,https://www.city-yanai.jp/site/gomi-risaikuru/gomidashi4.html,200,25127,4057,OK,
M126,S-M126-04,https://www.city-yanai.jp/site/gomi-risaikuru/gomidashi5.html,200,26109,5062,OK,
M126,S-M126-05,https://www.city-yanai.jp/site/gomi-risaikuru/gomidashi1.html,200,27178,5144,OK,
M126,S-M126-06,https://www.city-yanai.jp/site/gomi-risaikuru/gomidashi2.html,200,26827,4768,OK,
M126,S-M126-07,https://www.city-yanai.jp/site/gomi-risaikuru/list138.html,200,21550,3035,OK,
M128,S-M128-01,https://www.city.shunan.lg.jp/soshiki/19/33474.html,200,25010,2554,OK,
M128,S-M128-02,https://www.city.shunan.lg.jp/soshiki/19/31412.html,200,16176,1199,OK,
M128,S-M128-03,https://www.city.shunan.lg.jp/soshiki/19/39046.html,200,35329,4049,OK,
M129,S-M129-01,https://www.city.sanyo-onoda.lg.jp/soshiki/14/howtotrash3104.html,200,61195,24401,OK,
M130,S-M130-01,https://www.town.suo-oshima.lg.jp/garbage-item/search/search.php,200,21567,957,OK,
M130,S-M130-02,https://www.town.suo-oshima.lg.jp/soshiki/16/1268.html,200,18176,3883,OK,
M130,S-M130-03,https://www.town.suo-oshima.lg.jp/soshiki/16/1282.html,200,34508,15965,OK,
M131,S-M131-01,https://www.town.waki.lg.jp/soshiki/4/214.html,200,18855,5162,OK,
M132,S-M132-01,https://www.town.kaminoseki.lg.jp/%E3%81%94%E3%81%BF%E3%81%AE%E5%87%BA%E3%81%97%E6%96%B9%EF%BC%88%E5%AE%9A%E6%9C%9F%E5%8F%8E%E9%9B%86%EF%BC%89.html,200,73473,2456,OK,
M132,S-M132-02,https://www.town.kaminoseki.lg.jp/wp-content/uploads/2025/06/koho202506.pdf,200,5008963,21007,OK,
M133,S-M133-01,https://www.town.tabuse.lg.jp/soshiki/35/1948.html,200,34816,7487,OK,
M133,S-M133-02,https://www.town.tabuse.lg.jp/soshiki/35/2087.html,200,30984,6051,OK,
M133,S-M133-03,https://www.town.tabuse.lg.jp/soshiki/35/2090.html,404,0,0,ERROR,HTTPError: 404 Client Error: Not Found for url: https://www.town.tabuse.lg.jp/soshiki/35/2090.html
M134,S-M134-01,https://www.town.hirao.lg.jp/soshiki/kankyo/gomi/seikatsu/teiki_shushu/2888.html,200,57657,5763,OK,
M134,S-M134-02,https://www.town.hirao.lg.jp/kurashi/gomi_kankyo/gomi/dashikata/kankinzoku.html,404,0,0,ERROR,HTTPError: 404 Client Error: Not Found for url: https://www.town.hirao.lg.jp/kurashi/gomi_kankyo/gomi/dashikata/kankinzoku.html
M134,S-M134-03,https://www.town.hirao.lg.jp/kurashi/gomi_kankyo/gomi/dashikata/kosihurugi.html,200,55884,5431,OK,
M135,S-M135-01,https://www.town.abu.lg.jp/guide/gominosyuusyuunituite/,200,92194,1209,OK,
M135,S-M135-02,https://www.town.abu.lg.jp/wp/wp-content/uploads/2025/07/R8-Trash-GuideDouble-Side.pdf,200,47200019,0,ERROR,ValueError: source too large: 47200019
M135,S-M135-03,https://www.town.abu.lg.jp/wp/wp-content/uploads/2026/02/d0accf9d244b0de0326bd307ce086f41.pdf,200,15505280,15659,OK,
M135,S-M135-04,https://www.town.abu.lg.jp/15875/,200,82449,1880,OK,
M137,S-M137-01,https://www.town.ayagawa.lg.jp/docs/2011071100382/,200,16503,3534,OK,
M137,S-M137-02,https://www.town.ayagawa.lg.jp/reiki02/reiki_honbun/r263RG00001059.html,200,25820,7085,OK,
M137,S-M137-03,https://www.town.ayagawa.lg.jp/docs/2026031600017/,200,16818,3665,OK,
M138,S-M138-01,https://www.town.tadotsu.kagawa.jp/kurashi_tetsuzuki/gomi_kankyo_pet/gomi_recycle/1/1444.html,200,40709,2649,OK,
M138,S-M138-02,https://www.town.tadotsu.kagawa.jp/material/files/group/6/SIGENN.pdf,200,2653287,1533,OK,
M138,S-M138-03,https://www.town.tadotsu.kagawa.jp/material/files/group/6/SODAI.pdf,200,813619,1438,OK,
M138,S-M138-04,https://www.town.tadotsu.kagawa.jp/soshikikarasagasu/juminkankyoka/gomi_recycle/1/725.html,200,40347,2711,OK,
M138,S-M138-05,https://www.town.tadotsu.kagawa.jp/material/files/group/6/kanennhunenn.pdf,404,0,0,ERROR,HTTPError: 404 Client Error: Not Found for url: https://www.town.tadotsu.kagawa.jp/material/files/group/6/kanennhunenn.pdf
M140,S-M140-01,https://www.city.mitoyo.lg.jp/kakuka/shiminkankyou/eisei/2/1/1511.html,200,72446,16501,OK,
M140,S-M140-02,https://www.city.mitoyo.lg.jp/kakuka/shiminkankyou/eisei/2/1/1516.html,200,40548,2938,OK,
M140,S-M140-03,https://www.city.mitoyo.lg.jp/kakuka/shiminkankyou/eisei/2/1/1515.html,200,47643,6147,OK,
M141,S-M141-01,https://town.kotake.lg.jp/hpkiji/pub/detail.aspx?c_id=3&id=3989&type=top,200,108398,3694,OK,
M141,S-M141-02,https://town.kotake.lg.jp/cal_recycle/pub/default.aspx?c_id=6,200,111783,2015,OK,
M141,S-M141-03,https://town.kotake.lg.jp/hpkiji/pub/detail.aspx?c_id=3&id=3963&type=top,200,96276,2362,OK,
M142,S-M142-01,https://www.city.kitakyushu.lg.jp/contents/924_10025.html,200,38588,9925,OK,
M142,S-M142-02,https://www.city.kitakyushu.lg.jp/contents/924_10035.html,200,36047,8358,OK,
M142,S-M142-03,https://www.city.kitakyushu.lg.jp/contents/00800208.html,200,32214,7344,OK,
M142,S-M142-04,https://www.city.kitakyushu.lg.jp/contents/924_10085.html,200,32394,7357,OK,
M142,S-M142-05,https://www.city.kitakyushu.lg.jp/contents/924_10030.html,200,38850,12706,OK,
M143,S-M143-01,https://www.city.saiki.oita.jp/kiji0032215/index.html,200,186171,12905,OK,
M143,S-M143-02,https://www.city.saiki.oita.jp/kiji0032215/3_2215_32330_up_avmysieh.pdf,200,3081591,6607,OK,
M143,S-M143-03,https://www.city.saiki.oita.jp/kiji0038696/3_8696_up_xghyp5wr.pdf,200,1835914,42420,OK,
M143,S-M143-04,https://www.city.saiki.oita.jp/kiji00311436/index.html,200,184804,12756,OK,
M143,S-M143-05,https://www.city.saiki.oita.jp/kiji0037638/index.html,200,185026,12912,OK,
M143,S-M143-06,https://www.city.saiki.oita.jp/kiji0038689/index.html,200,191306,15665,OK,
