municipality_id,category_id,自治体正式名称,category_group,parent_category_id,classification_level,表示順,collection_channel,代表品目,入れてはいけない物,適用条件,条件外の扱い,出す前の処理,袋・容器のルール,サイズ・条件,粗大ごみ扱いか,予約が必要か,有料か,料金ルール,自治体収集外か,注意事項,source_id,出典URL,出典ページ・該当箇所,確認日,ui_role,rule_status,effective_from,effective_to
M044,C-M044-01,可燃ごみ,可燃ごみ,,PRIMARY,1,CURBSIDE,生ごみ・紙くず・可燃性の家庭ごみ,NOT_STATED_IN_CITED_SOURCE,,NOT_STATED_IN_CITED_SOURCE,生ごみは水切り,町指定袋,,FALSE,FALSE,FALSE,,FALSE,,S-M044-01,https://www.houki-town.jp/new1/10/12/gomi/6/c935/,冊子／可燃ごみ,2026-08-19,SORT_BUCKET,CURRENT,,
M044,C-M044-02,不燃ごみ,不燃ごみ,,PRIMARY,2,CURBSIDE,金属・陶磁器・ガラス・硬質プラスチック等,NOT_STATED_IN_CITED_SOURCE,,NOT_STATED_IN_CITED_SOURCE,割れ物・刃物は危険防止,,,FALSE,FALSE,FALSE,,FALSE,,S-M044-01,https://www.houki-town.jp/new1/10/12/gomi/6/c935/,冊子／不燃ごみ,2026-08-19,SORT_BUCKET,CURRENT,,
M044,C-M044-03,不燃粗大ごみ,不燃粗大ごみ,,PRIMARY,3,CURBSIDE,指定袋に入らない大型不燃物,NOT_STATED_IN_CITED_SOURCE,,NOT_STATED_IN_CITED_SOURCE,NOT_STATED_IN_CITED_SOURCE,,,TRUE,FALSE,FALSE,,FALSE,,S-M044-01,https://www.houki-town.jp/new1/10/12/gomi/6/c935/,冊子／不燃粗大ごみ,2026-08-19,SORT_BUCKET,CURRENT,,
M044,C-M044-04,缶・ビン,缶・ビン,,PRIMARY,4,CURBSIDE,飲食用缶・びん,NOT_STATED_IN_CITED_SOURCE,,NOT_STATED_IN_CITED_SOURCE,中身を空にして洗う,,,FALSE,FALSE,FALSE,,FALSE,,S-M044-01,https://www.houki-town.jp/new1/10/12/gomi/6/c935/,冊子／資源ごみ（缶・ビン）,2026-08-19,SORT_BUCKET,CURRENT,,
M044,C-M044-05,再生利用ビン,再生利用ビン,,PRIMARY,5,CURBSIDE,再使用できる指定びん,NOT_STATED_IN_CITED_SOURCE,,NOT_STATED_IN_CITED_SOURCE,NOT_STATED_IN_CITED_SOURCE,,,FALSE,FALSE,FALSE,,FALSE,,S-M044-01,https://www.houki-town.jp/new1/10/12/gomi/6/c935/,冊子／資源ごみ（再生利用ビン）,2026-08-19,SORT_BUCKET,CURRENT,,
M044,C-M044-06,古紙類,古紙類,,PRIMARY,6,CURBSIDE,新聞・雑誌・段ボール・紙パック等,NOT_STATED_IN_CITED_SOURCE,,NOT_STATED_IN_CITED_SOURCE,種類別にまとめる,,,FALSE,FALSE,FALSE,,FALSE,,S-M044-01,https://www.houki-town.jp/new1/10/12/gomi/6/c935/,冊子／資源ごみ（古紙類）,2026-08-19,SORT_BUCKET,CURRENT,,
M044,C-M044-07,発泡スチロール・軟質プラスチック,発泡スチロール・軟質プラスチック,,PRIMARY,7,CURBSIDE,発泡スチロール・軟質プラスチック類,NOT_STATED_IN_CITED_SOURCE,,NOT_STATED_IN_CITED_SOURCE,汚れを落とす,,,FALSE,FALSE,FALSE,,FALSE,,S-M044-01,https://www.houki-town.jp/new1/10/12/gomi/6/c935/,冊子／資源ごみ（発泡スチロール・軟質プラスチック）,2026-08-19,SORT_BUCKET,CURRENT,,
M044,C-M044-08,ペットボトル,ペットボトル,,PRIMARY,8,CURBSIDE,PETマークのボトル,NOT_STATED_IN_CITED_SOURCE,,NOT_STATED_IN_CITED_SOURCE,キャップとラベルを外し中をすすぐ,,,FALSE,FALSE,FALSE,,FALSE,,S-M044-01,https://www.houki-town.jp/new1/10/12/gomi/6/c935/,冊子／資源ごみ（ペットボトル）,2026-08-19,SORT_BUCKET,CURRENT,,
M044,C-M044-09,布類,布類,,PRIMARY,9,CURBSIDE,衣類・タオル・シーツ類,NOT_STATED_IN_CITED_SOURCE,,NOT_STATED_IN_CITED_SOURCE,袋の口をしばる,布類専用袋等,,FALSE,FALSE,FALSE,,FALSE,,S-M044-01,https://www.houki-town.jp/new1/10/12/gomi/6/c935/,冊子／布類,2026-08-19,SORT_BUCKET,CURRENT,,
M044,C-M044-10,有害ごみ,有害ごみ,,PRIMARY,10,CURBSIDE,乾電池・蛍光管・水銀製品等,NOT_STATED_IN_CITED_SOURCE,,NOT_STATED_IN_CITED_SOURCE,電池は絶縁し、蛍光管は破損防止,,,FALSE,FALSE,FALSE,,FALSE,,S-M044-01,https://www.houki-town.jp/new1/10/12/gomi/6/c935/,冊子／有害ごみ,2026-08-19,SORT_BUCKET,CURRENT,,
M044,C-M044-11,混合粗大ごみ,混合粗大ごみ,,PRIMARY,11,DROP_OFF,燃える物と燃えない物の混合大型品,NOT_STATED_IN_CITED_SOURCE,,NOT_STATED_IN_CITED_SOURCE,NOT_STATED_IN_CITED_SOURCE,,,TRUE,FALSE,FALSE,,FALSE,,S-M044-01,https://www.houki-town.jp/new1/10/12/gomi/6/c935/,冊子／混合粗大ごみ,2026-08-19,REFERENCE_ONLY,CURRENT,,
M044,C-M044-12,町で収集しないごみ,町で収集しないごみ,,EXCLUDED,12,NOT_COLLECTED,家電4品目・処理困難物等,NOT_STATED_IN_CITED_SOURCE,,販売店・メーカー・専門業者等の公式案内に従う,受入先の指示に従う,,,FALSE,FALSE,FALSE,,TRUE,,S-M044-01,https://www.houki-town.jp/new1/10/12/gomi/6/c935/,冊子／町で収集しないごみ,2026-08-19,EXCLUDED_NOTICE,CURRENT,,
M045,C-M045-01,可燃,可燃,,PRIMARY,1,CURBSIDE,生ごみ・紙おむつ・ゴム皮革・可燃物,NOT_STATED_IN_CITED_SOURCE,,NOT_STATED_IN_CITED_SOURCE,生ごみは水切り。プラスチック製容器のふた・ポンプは不燃,可燃ごみ用指定袋,,FALSE,FALSE,FALSE,,FALSE,,S-M045-01,https://www.town.nichinan.lg.jp/material/files/group/31/nichinantyou_gomibunbetu202503.pdf,日南町ごみ分別表／可燃,2026-08-19,SORT_BUCKET,CURRENT,,
M045,C-M045-02,不燃,不燃,,PRIMARY,2,CURBSIDE,金属くず・陶磁器・ガラス・硬質プラスチック,NOT_STATED_IN_CITED_SOURCE,,NOT_STATED_IN_CITED_SOURCE,刃物は新聞紙で包む。スプレー缶・ガス缶は使い切る,不燃ごみ用指定袋,,FALSE,FALSE,FALSE,,FALSE,,S-M045-01,https://www.town.nichinan.lg.jp/material/files/group/31/nichinantyou_gomibunbetu202503.pdf,日南町ごみ分別表／不燃,2026-08-19,SORT_BUCKET,CURRENT,,
M045,C-M045-03,不燃性粗大,不燃性粗大,,PRIMARY,3,CURBSIDE,60cm以上の不燃性粗大,NOT_STATED_IN_CITED_SOURCE,,NOT_STATED_IN_CITED_SOURCE,NOT_STATED_IN_CITED_SOURCE,,概ね60cm以上、2m×1m×1m以内,TRUE,FALSE,FALSE,,FALSE,,S-M045-01,https://www.town.nichinan.lg.jp/material/files/group/31/nichinantyou_gomibunbetu202503.pdf,日南町ごみ分別表／不燃性粗大,2026-08-19,SORT_BUCKET,CURRENT,,
M045,C-M045-04,缶類（資源）,缶類（資源）,,PRIMARY,4,CURBSIDE,飲食用缶,NOT_STATED_IN_CITED_SOURCE,,NOT_STATED_IN_CITED_SOURCE,中身を空にして汚れはすすぐ。キャップは不燃,資源ごみ用指定袋,,FALSE,FALSE,FALSE,,FALSE,,S-M045-01,https://www.town.nichinan.lg.jp/material/files/group/31/nichinantyou_gomibunbetu202503.pdf,日南町ごみ分別表／缶類（資源）,2026-08-19,SORT_BUCKET,CURRENT,,
M045,C-M045-05,ビン類（資源）,ビン類（資源）,,PRIMARY,5,CURBSIDE,飲食用・調味料等のびん,NOT_STATED_IN_CITED_SOURCE,,NOT_STATED_IN_CITED_SOURCE,中身を空にしてよくすすぐ。ふたは不燃,資源ごみ用指定袋,,FALSE,FALSE,FALSE,,FALSE,,S-M045-01,https://www.town.nichinan.lg.jp/material/files/group/31/nichinantyou_gomibunbetu202503.pdf,日南町ごみ分別表／ビン類（資源）,2026-08-19,SORT_BUCKET,CURRENT,,
M045,C-M045-06,生きビン（資源）,生きビン（資源）,,PRIMARY,6,CURBSIDE,ビールびん・茶色の一升びん,NOT_STATED_IN_CITED_SOURCE,,NOT_STATED_IN_CITED_SOURCE,ラベルは取らず洗ってそのまま出す,資源ごみ用指定袋,,FALSE,FALSE,FALSE,,FALSE,,S-M045-01,https://www.town.nichinan.lg.jp/material/files/group/31/nichinantyou_gomibunbetu202503.pdf,日南町ごみ分別表／生きビン（資源）,2026-08-19,SORT_BUCKET,CURRENT,,
M045,C-M045-07,ペットボトル（資源）,ペットボトル（資源）,,PRIMARY,7,CURBSIDE,PETマークのボトル,NOT_STATED_IN_CITED_SOURCE,,NOT_STATED_IN_CITED_SOURCE,中を洗う。汚れが落ちない物は可燃。キャップは別回収又は不燃,資源ごみ用指定袋,,FALSE,FALSE,FALSE,,FALSE,,S-M045-01,https://www.town.nichinan.lg.jp/material/files/group/31/nichinantyou_gomibunbetu202503.pdf,日南町ごみ分別表／ペットボトル（資源）,2026-08-19,SORT_BUCKET,CURRENT,,
M045,C-M045-08,発泡スチロール（資源）,発泡スチロール（資源）,,PRIMARY,8,CURBSIDE,発泡スチロール・食品トレー,NOT_STATED_IN_CITED_SOURCE,,NOT_STATED_IN_CITED_SOURCE,汚れを落とす,資源ごみ用指定袋,,FALSE,FALSE,FALSE,,FALSE,,S-M045-01,https://www.town.nichinan.lg.jp/material/files/group/31/nichinantyou_gomibunbetu202503.pdf,日南町ごみ分別表／発泡スチロール（資源）,2026-08-19,SORT_BUCKET,CURRENT,,
M045,C-M045-09,軟質プラスチック（資源）,軟質プラスチック（資源）,,PRIMARY,9,CURBSIDE,レジ袋・卵パック・豆腐容器・菓子袋等,NOT_STATED_IN_CITED_SOURCE,,NOT_STATED_IN_CITED_SOURCE,汚れが落ちない物は可燃,資源ごみ用指定袋,,FALSE,FALSE,FALSE,,FALSE,,S-M045-01,https://www.town.nichinan.lg.jp/material/files/group/31/nichinantyou_gomibunbetu202503.pdf,日南町ごみ分別表／軟質プラスチック（資源）,2026-08-19,SORT_BUCKET,CURRENT,,
M045,C-M045-10,布類（資源）,布類（資源）,,PRIMARY,10,CURBSIDE,布・衣類,NOT_STATED_IN_CITED_SOURCE,,NOT_STATED_IN_CITED_SOURCE,地区ごとの指定回収場所へ,資源ごみ用指定袋,,FALSE,FALSE,FALSE,,FALSE,,S-M045-01,https://www.town.nichinan.lg.jp/material/files/group/31/nichinantyou_gomibunbetu202503.pdf,日南町ごみ分別表／布類（資源）,2026-08-19,SORT_BUCKET,CURRENT,,
M045,C-M045-11,乾電池・ボタン電池,乾電池・ボタン電池,,PRIMARY,11,CURBSIDE,乾電池・ボタン電池,NOT_STATED_IN_CITED_SOURCE,,NOT_STATED_IN_CITED_SOURCE,使い切り、ボタン電池はテープで包む,透明袋,,FALSE,FALSE,FALSE,,FALSE,,S-M045-01,https://www.town.nichinan.lg.jp/material/files/group/31/nichinantyou_gomibunbetu202503.pdf,日南町ごみ分別表／乾電池・ボタン電池,2026-08-19,SORT_BUCKET,CURRENT,,
M045,C-M045-12,蛍光管,蛍光管,,PRIMARY,12,CURBSIDE,蛍光管,NOT_STATED_IN_CITED_SOURCE,,NOT_STATED_IN_CITED_SOURCE,破損しないよう保護,透明袋,,FALSE,FALSE,FALSE,,FALSE,,S-M045-01,https://www.town.nichinan.lg.jp/material/files/group/31/nichinantyou_gomibunbetu202503.pdf,日南町ごみ分別表／蛍光管,2026-08-19,SORT_BUCKET,CURRENT,,
M045,C-M045-13,水銀含有機器,水銀含有機器,,PRIMARY,13,CURBSIDE,水銀体温計・水銀血圧計等,NOT_STATED_IN_CITED_SOURCE,,NOT_STATED_IN_CITED_SOURCE,デジタル式を除き、破損しないよう保護,透明袋,,FALSE,FALSE,FALSE,,FALSE,,S-M045-01,https://www.town.nichinan.lg.jp/material/files/group/31/nichinantyou_gomibunbetu202503.pdf,日南町ごみ分別表／水銀含有機器,2026-08-19,SORT_BUCKET,CURRENT,,
M045,C-M045-14,新聞,新聞,,PRIMARY,14,CURBSIDE,新聞・折込広告,NOT_STATED_IN_CITED_SOURCE,,NOT_STATED_IN_CITED_SOURCE,品目ごとにひもで結束,,,FALSE,FALSE,FALSE,,FALSE,,S-M045-01,https://www.town.nichinan.lg.jp/material/files/group/31/nichinantyou_gomibunbetu202503.pdf,日南町ごみ分別表／新聞,2026-08-19,SORT_BUCKET,CURRENT,,
M045,C-M045-15,ダンボール,ダンボール,,PRIMARY,15,CURBSIDE,段ボール,NOT_STATED_IN_CITED_SOURCE,,NOT_STATED_IN_CITED_SOURCE,品目ごとにひもで結束,,,FALSE,FALSE,FALSE,,FALSE,,S-M045-01,https://www.town.nichinan.lg.jp/material/files/group/31/nichinantyou_gomibunbetu202503.pdf,日南町ごみ分別表／ダンボール,2026-08-19,SORT_BUCKET,CURRENT,,
M045,C-M045-16,雑誌,雑誌,,PRIMARY,16,CURBSIDE,雑誌・本類,NOT_STATED_IN_CITED_SOURCE,,NOT_STATED_IN_CITED_SOURCE,品目ごとにひもで結束,,,FALSE,FALSE,FALSE,,FALSE,,S-M045-01,https://www.town.nichinan.lg.jp/material/files/group/31/nichinantyou_gomibunbetu202503.pdf,日南町ごみ分別表／雑誌,2026-08-19,SORT_BUCKET,CURRENT,,
M045,C-M045-17,牛乳パック,牛乳パック,,PRIMARY,17,CURBSIDE,飲料用紙パック,NOT_STATED_IN_CITED_SOURCE,,NOT_STATED_IN_CITED_SOURCE,中をすすぎ、開いてひもで結束,,,FALSE,FALSE,FALSE,,FALSE,,S-M045-01,https://www.town.nichinan.lg.jp/material/files/group/31/nichinantyou_gomibunbetu202503.pdf,日南町ごみ分別表／牛乳パック,2026-08-19,SORT_BUCKET,CURRENT,,
M045,C-M045-18,紙製容器包装,紙製容器包装,,PRIMARY,18,CURBSIDE,紙製容器包装,NOT_STATED_IN_CITED_SOURCE,,NOT_STATED_IN_CITED_SOURCE,臭い・汚れの強い紙は可燃,,,FALSE,FALSE,FALSE,,FALSE,,S-M045-01,https://www.town.nichinan.lg.jp/material/files/group/31/nichinantyou_gomibunbetu202503.pdf,日南町ごみ分別表／紙製容器包装,2026-08-19,SORT_BUCKET,CURRENT,,
M045,C-M045-19,小型家電（資源）,小型家電（資源）,,PRIMARY,19,DROP_OFF,携帯電話・デジカメ・PC・電子レンジ・プリンター等,NOT_STATED_IN_CITED_SOURCE,,NOT_STATED_IN_CITED_SOURCE,電池・バッテリーを外し個人情報を消去,,,FALSE,FALSE,FALSE,,FALSE,,S-M045-01,https://www.town.nichinan.lg.jp/material/files/group/31/nichinantyou_gomibunbetu202503.pdf,日南町ごみ分別表／小型家電（資源）,2026-08-19,REFERENCE_ONLY,CURRENT,,
M045,C-M045-20,廃食油,廃食油,,PRIMARY,20,DROP_OFF,家庭の植物性廃食油,NOT_STATED_IN_CITED_SOURCE,,NOT_STATED_IN_CITED_SOURCE,動物油脂を混ぜない,,,FALSE,FALSE,FALSE,,FALSE,,S-M045-01,https://www.town.nichinan.lg.jp/material/files/group/31/nichinantyou_gomibunbetu202503.pdf,日南町ごみ分別表／廃食油,2026-08-19,REFERENCE_ONLY,CURRENT,,
M045,C-M045-21,ペットボトルキャップ,ペットボトルキャップ,,PRIMARY,21,DROP_OFF,ペットボトルのキャップ,NOT_STATED_IN_CITED_SOURCE,,NOT_STATED_IN_CITED_SOURCE,NOT_STATED_IN_CITED_SOURCE,,,FALSE,FALSE,FALSE,,FALSE,,S-M045-01,https://www.town.nichinan.lg.jp/material/files/group/31/nichinantyou_gomibunbetu202503.pdf,日南町ごみ分別表／ペットボトルキャップ,2026-08-19,REFERENCE_ONLY,CURRENT,,
M045,C-M045-22,ビデオテープ・カセットテープ,ビデオテープ・カセットテープ,,PRIMARY,22,DROP_OFF,ビデオテープ・カセットテープ,NOT_STATED_IN_CITED_SOURCE,,NOT_STATED_IN_CITED_SOURCE,NOT_STATED_IN_CITED_SOURCE,,,FALSE,FALSE,FALSE,,FALSE,,S-M045-01,https://www.town.nichinan.lg.jp/material/files/group/31/nichinantyou_gomibunbetu202503.pdf,日南町ごみ分別表／ビデオテープ・カセットテープ,2026-08-19,REFERENCE_ONLY,CURRENT,,
M045,C-M045-23,インクカートリッジ,インクカートリッジ,,PRIMARY,23,DROP_OFF,純正インクカートリッジ,NOT_STATED_IN_CITED_SOURCE,,NOT_STATED_IN_CITED_SOURCE,NOT_STATED_IN_CITED_SOURCE,,,FALSE,FALSE,FALSE,,FALSE,,S-M045-01,https://www.town.nichinan.lg.jp/material/files/group/31/nichinantyou_gomibunbetu202503.pdf,日南町ごみ分別表／インクカートリッジ,2026-08-19,REFERENCE_ONLY,CURRENT,,
M045,C-M045-24,小型二次充電池,小型二次充電池,,PRIMARY,24,DROP_OFF,回収対象マーク付き小型充電式電池,NOT_STATED_IN_CITED_SOURCE,,NOT_STATED_IN_CITED_SOURCE,端子を絶縁,,,FALSE,FALSE,FALSE,,FALSE,,S-M045-01,https://www.town.nichinan.lg.jp/material/files/group/31/nichinantyou_gomibunbetu202503.pdf,日南町ごみ分別表／小型二次充電池,2026-08-19,REFERENCE_ONLY,CURRENT,,
M045,C-M045-25,可燃性粗大及び大型不燃性粗大,可燃性粗大及び大型不燃性粗大,,PRIMARY,25,DROP_OFF,木製家具・混合粗大・大型不燃物,NOT_STATED_IN_CITED_SOURCE,,NOT_STATED_IN_CITED_SOURCE,NOT_STATED_IN_CITED_SOURCE,,可燃粗大は概ね60cm以上。大型不燃は2m×1m×1m以上,TRUE,FALSE,FALSE,,FALSE,,S-M045-01,https://www.town.nichinan.lg.jp/material/files/group/31/nichinantyou_gomibunbetu202503.pdf,日南町ごみ分別表／可燃性粗大及び大型不燃性粗大,2026-08-19,REFERENCE_ONLY,CURRENT,,
M045,C-M045-26,家電4品目,家電4品目,,PRIMARY,26,DROP_OFF,テレビ・エアコン・洗濯機衣類乾燥機・冷蔵庫冷凍庫,NOT_STATED_IN_CITED_SOURCE,,NOT_STATED_IN_CITED_SOURCE,郵便局でリサイクル券を購入,,,FALSE,FALSE,FALSE,,FALSE,,S-M045-01,https://www.town.nichinan.lg.jp/material/files/group/31/nichinantyou_gomibunbetu202503.pdf,日南町ごみ分別表／家電4品目,2026-08-19,REFERENCE_ONLY,CURRENT,,
M045,C-M045-27,処理困難物,処理困難物,,EXCLUDED,27,NOT_COLLECTED,産業廃棄物・ガレキ・消火器・タイヤ・農薬等,NOT_STATED_IN_CITED_SOURCE,,販売店・メーカー・専門業者等の公式案内に従う,受入先の指示に従う,,,FALSE,FALSE,FALSE,,TRUE,,S-M045-01,https://www.town.nichinan.lg.jp/material/files/group/31/nichinantyou_gomibunbetu202503.pdf,日南町ごみ分別表／処理困難物,2026-08-19,EXCLUDED_NOTICE,CURRENT,,
M046,C-M046-01,可燃,可燃,,PRIMARY,1,CURBSIDE,生ごみ・ゴム・革製品等,NOT_STATED_IN_CITED_SOURCE,,NOT_STATED_IN_CITED_SOURCE,生ごみは十分水切り,町指定袋,,FALSE,FALSE,FALSE,,FALSE,,S-M046-01,https://www.town.hino.tottori.jp/secure/43691/2026karendagetumoku.pdf,令和8年度ごみ収集カレンダー／可燃,2026-08-19,SORT_BUCKET,CURRENT,,
M046,C-M046-02,不燃,不燃,,PRIMARY,2,CURBSIDE,硬いプラスチック・ガラス・陶磁器・金属等,NOT_STATED_IN_CITED_SOURCE,,NOT_STATED_IN_CITED_SOURCE,危険物は保護,,,FALSE,FALSE,FALSE,,FALSE,,S-M046-01,https://www.town.hino.tottori.jp/secure/43691/2026karendagetumoku.pdf,令和8年度ごみ収集カレンダー／不燃,2026-08-19,SORT_BUCKET,CURRENT,,
M046,C-M046-03,資源,資源,,PRIMARY,3,CURBSIDE,飲食用びん・缶,NOT_STATED_IN_CITED_SOURCE,,NOT_STATED_IN_CITED_SOURCE,水洗い。汚れ・さびは不燃。ふたは不燃,,,FALSE,FALSE,FALSE,,FALSE,,S-M046-01,https://www.town.hino.tottori.jp/secure/43691/2026karendagetumoku.pdf,令和8年度ごみ収集カレンダー／資源,2026-08-19,SORT_BUCKET,CURRENT,,
M046,C-M046-04,古紙,古紙,,PRIMARY,4,CURBSIDE,新聞・雑誌・段ボール・紙パック等,NOT_STATED_IN_CITED_SOURCE,,NOT_STATED_IN_CITED_SOURCE,種類別にひもで縛り古紙シール。濡らさない,,,FALSE,FALSE,FALSE,,FALSE,,S-M046-01,https://www.town.hino.tottori.jp/secure/43691/2026karendagetumoku.pdf,令和8年度ごみ収集カレンダー／古紙,2026-08-19,SORT_BUCKET,CURRENT,,
M046,C-M046-05,軟プラ,軟プラ,,PRIMARY,5,CURBSIDE,軟質プラスチック類,NOT_STATED_IN_CITED_SOURCE,,NOT_STATED_IN_CITED_SOURCE,町の指定条件に従う,,,FALSE,FALSE,FALSE,,FALSE,,S-M046-01,https://www.town.hino.tottori.jp/secure/43691/2026karendagetumoku.pdf,令和8年度ごみ収集カレンダー／軟プラ,2026-08-19,SORT_BUCKET,CURRENT,,
M046,C-M046-06,ペットボトル,ペットボトル,,PRIMARY,6,CURBSIDE,PETマークのボトル,NOT_STATED_IN_CITED_SOURCE,,NOT_STATED_IN_CITED_SOURCE,ラベルとキャップを外し水洗い。汚れた本体は可燃、ラベルは軟プラ、キャップは不燃,,,FALSE,FALSE,FALSE,,FALSE,,S-M046-01,https://www.town.hino.tottori.jp/secure/43691/2026karendagetumoku.pdf,令和8年度ごみ収集カレンダー／ペットボトル,2026-08-19,SORT_BUCKET,CURRENT,,
M046,C-M046-07,布畳,布畳,,PRIMARY,7,CURBSIDE,布類・畳,NOT_STATED_IN_CITED_SOURCE,,NOT_STATED_IN_CITED_SOURCE,町の指定条件に従う,,,FALSE,FALSE,FALSE,,FALSE,,S-M046-01,https://www.town.hino.tottori.jp/secure/43691/2026karendagetumoku.pdf,令和8年度ごみ収集カレンダー／布畳,2026-08-19,SORT_BUCKET,CURRENT,,
M046,C-M046-08,廃油,廃油,,PRIMARY,8,DROP_OFF,家庭の使用済み天ぷら油,NOT_STATED_IN_CITED_SOURCE,,NOT_STATED_IN_CITED_SOURCE,事業所・店舗の油は不可,,,FALSE,FALSE,FALSE,,FALSE,,S-M046-01,https://www.town.hino.tottori.jp/secure/43691/2026karendagetumoku.pdf,令和8年度ごみ収集カレンダー／廃油,2026-08-19,REFERENCE_ONLY,CURRENT,,
M046,C-M046-09,蛍光管,蛍光管,,PRIMARY,9,CURBSIDE,蛍光管,NOT_STATED_IN_CITED_SOURCE,,NOT_STATED_IN_CITED_SOURCE,破損しないよう保護,,,FALSE,FALSE,FALSE,,FALSE,,S-M046-01,https://www.town.hino.tottori.jp/secure/43691/2026karendagetumoku.pdf,令和8年度ごみ収集カレンダー／蛍光管,2026-08-19,SORT_BUCKET,CURRENT,,
M046,C-M046-10,電池,電池,,PRIMARY,10,CURBSIDE,単1～単4・9V・コイン電池等,NOT_STATED_IN_CITED_SOURCE,,NOT_STATED_IN_CITED_SOURCE,町指定袋。小型充電式電池等は役場等へ,,,FALSE,FALSE,FALSE,,FALSE,,S-M046-01,https://www.town.hino.tottori.jp/secure/43691/2026karendagetumoku.pdf,令和8年度ごみ収集カレンダー／電池,2026-08-19,SORT_BUCKET,CURRENT,,
M046,C-M046-11,可燃粗大,可燃粗大,,PRIMARY,11,CURBSIDE,指定袋に入らない可燃ごみ,NOT_STATED_IN_CITED_SOURCE,,NOT_STATED_IN_CITED_SOURCE,NOT_STATED_IN_CITED_SOURCE,,1m×1m×1.8mまでの町基準,TRUE,FALSE,FALSE,,FALSE,,S-M046-01,https://www.town.hino.tottori.jp/secure/43691/2026karendagetumoku.pdf,令和8年度ごみ収集カレンダー／可燃粗大,2026-08-19,SORT_BUCKET,CURRENT,,
M046,C-M046-12,不燃粗大,不燃粗大,,PRIMARY,12,CURBSIDE,指定袋に入らない不燃ごみ,NOT_STATED_IN_CITED_SOURCE,,NOT_STATED_IN_CITED_SOURCE,NOT_STATED_IN_CITED_SOURCE,,1m×1m×1.8mまでの町基準,TRUE,FALSE,FALSE,,FALSE,,S-M046-01,https://www.town.hino.tottori.jp/secure/43691/2026karendagetumoku.pdf,令和8年度ごみ収集カレンダー／不燃粗大,2026-08-19,SORT_BUCKET,CURRENT,,
M046,C-M046-13,充電式小型家電,充電式小型家電,,PRIMARY,13,DROP_OFF,スマートフォン・モバイルバッテリー等,NOT_STATED_IN_CITED_SOURCE,,NOT_STATED_IN_CITED_SOURCE,可燃・不燃に混ぜず役場建設水道課又は黒坂支所へ,,,FALSE,FALSE,FALSE,,FALSE,,S-M046-01,https://www.town.hino.tottori.jp/secure/43691/2026karendagetumoku.pdf,令和8年度カレンダー／充電式小型家電,2026-08-19,REFERENCE_ONLY,CURRENT,,
M047,C-M047-01,可燃ごみ,可燃ごみ,,PRIMARY,1,CURBSIDE,台所ごみ・汚れのひどい軟質プラ・皮ゴム,NOT_STATED_IN_CITED_SOURCE,,NOT_STATED_IN_CITED_SOURCE,生ごみは水切り,町指定可燃ごみ袋,,FALSE,FALSE,FALSE,,FALSE,,S-M047-01,https://www.town-kofu.jp/2/1/4/9/2/,家庭ごみ分別表／可燃ごみ,2026-08-19,SORT_BUCKET,CURRENT,,
M047,C-M047-02,可燃粗大ごみ,可燃粗大ごみ,,PRIMARY,2,CURBSIDE,木製家具類,NOT_STATED_IN_CITED_SOURCE,,NOT_STATED_IN_CITED_SOURCE,NOT_STATED_IN_CITED_SOURCE,,,TRUE,FALSE,FALSE,,FALSE,,S-M047-01,https://www.town-kofu.jp/2/1/4/9/2/,家庭ごみ分別表／可燃粗大ごみ,2026-08-19,SORT_BUCKET,CURRENT,,
M047,C-M047-03,不燃ごみ,不燃ごみ,,PRIMARY,3,CURBSIDE,小型家電・金属・陶磁器・ガラス・硬質プラ等,NOT_STATED_IN_CITED_SOURCE,,NOT_STATED_IN_CITED_SOURCE,NOT_STATED_IN_CITED_SOURCE,,概ね60cm以内,FALSE,FALSE,FALSE,,FALSE,,S-M047-01,https://www.town-kofu.jp/2/1/4/9/2/,家庭ごみ分別表／不燃ごみ,2026-08-19,SORT_BUCKET,CURRENT,,
M047,C-M047-04,不燃粗大ごみ,不燃粗大ごみ,,PRIMARY,4,CURBSIDE,大型不燃家庭用品・事務機器等,NOT_STATED_IN_CITED_SOURCE,,NOT_STATED_IN_CITED_SOURCE,NOT_STATED_IN_CITED_SOURCE,,概ね60cm超、1m×1m×2m以下,TRUE,FALSE,FALSE,,FALSE,,S-M047-01,https://www.town-kofu.jp/2/1/4/9/2/,家庭ごみ分別表／不燃粗大ごみ,2026-08-19,SORT_BUCKET,CURRENT,,
M047,C-M047-05,ビン・缶類,ビン・缶類,,PRIMARY,5,CURBSIDE,飲食用びん・缶,NOT_STATED_IN_CITED_SOURCE,,NOT_STATED_IN_CITED_SOURCE,中身を空にして洗う,,,FALSE,FALSE,FALSE,,FALSE,,S-M047-01,https://www.town-kofu.jp/2/1/4/9/2/,家庭ごみ分別表／ビン・缶類,2026-08-19,SORT_BUCKET,CURRENT,,
M047,C-M047-06,ペットボトル,ペットボトル,,PRIMARY,6,CURBSIDE,飲料・酒・しょうゆ用PET,NOT_STATED_IN_CITED_SOURCE,,NOT_STATED_IN_CITED_SOURCE,町の指定方法で出す,,,FALSE,FALSE,FALSE,,FALSE,,S-M047-01,https://www.town-kofu.jp/2/1/4/9/2/,家庭ごみ分別表／ペットボトル,2026-08-19,SORT_BUCKET,CURRENT,,
M047,C-M047-07,家電リサイクル品,家電リサイクル品,,PRIMARY,7,BOOKED_PICKUP,テレビ・エアコン・洗濯機乾燥機・冷蔵庫冷凍庫,NOT_STATED_IN_CITED_SOURCE,,NOT_STATED_IN_CITED_SOURCE,必要に応じ郵便局でリサイクル券を購入,,,FALSE,FALSE,FALSE,,FALSE,,S-M047-01,https://www.town-kofu.jp/2/1/4/9/2/,家庭ごみ分別表／家電リサイクル品,2026-08-19,REFERENCE_ONLY,CURRENT,,
M047,C-M047-08,紙パック,紙パック,,PRIMARY,8,CURBSIDE,500ml以上の紙パック,NOT_STATED_IN_CITED_SOURCE,,NOT_STATED_IN_CITED_SOURCE,紙製容器包装紙の日に出す,,,FALSE,FALSE,FALSE,,FALSE,,S-M047-01,https://www.town-kofu.jp/2/1/4/9/2/,家庭ごみ分別表／紙パック,2026-08-19,SORT_BUCKET,CURRENT,,
M047,C-M047-09,ダンボール,ダンボール,,PRIMARY,9,CURBSIDE,段ボール,NOT_STATED_IN_CITED_SOURCE,,NOT_STATED_IN_CITED_SOURCE,まとめて出す,,,FALSE,FALSE,FALSE,,FALSE,,S-M047-01,https://www.town-kofu.jp/2/1/4/9/2/,家庭ごみ分別表／ダンボール,2026-08-19,SORT_BUCKET,CURRENT,,
M047,C-M047-10,紙製容器包装紙,紙製容器包装紙,,PRIMARY,10,CURBSIDE,食品空箱・生活用品空箱・包装・台紙,NOT_STATED_IN_CITED_SOURCE,,NOT_STATED_IN_CITED_SOURCE,紙以外を外す,,,FALSE,FALSE,FALSE,,FALSE,,S-M047-01,https://www.town-kofu.jp/2/1/4/9/2/,家庭ごみ分別表／紙製容器包装紙,2026-08-19,SORT_BUCKET,CURRENT,,
M047,C-M047-11,新聞・チラシ,新聞・チラシ,,PRIMARY,11,CURBSIDE,新聞・折込広告,NOT_STATED_IN_CITED_SOURCE,,NOT_STATED_IN_CITED_SOURCE,まとめて出す,,,FALSE,FALSE,FALSE,,FALSE,,S-M047-01,https://www.town-kofu.jp/2/1/4/9/2/,家庭ごみ分別表／新聞・チラシ,2026-08-19,SORT_BUCKET,CURRENT,,
M047,C-M047-12,本・雑誌,本・雑誌,,PRIMARY,12,CURBSIDE,古本・古雑誌,NOT_STATED_IN_CITED_SOURCE,,NOT_STATED_IN_CITED_SOURCE,まとめて出す,,,FALSE,FALSE,FALSE,,FALSE,,S-M047-01,https://www.town-kofu.jp/2/1/4/9/2/,家庭ごみ分別表／本・雑誌,2026-08-19,SORT_BUCKET,CURRENT,,
M047,C-M047-13,発泡スチロール軟質プラスチック,発泡スチロール軟質プラスチック,,PRIMARY,13,CURBSIDE,食品トレー・発泡容器・買物袋・卵パック等,NOT_STATED_IN_CITED_SOURCE,,NOT_STATED_IN_CITED_SOURCE,汚れを落とす,,,FALSE,FALSE,FALSE,,FALSE,,S-M047-01,https://www.town-kofu.jp/2/1/4/9/2/,家庭ごみ分別表／発泡スチロール軟質プラスチック,2026-08-19,SORT_BUCKET,CURRENT,,
M047,C-M047-14,ビデオ・カセットテープ類,ビデオ・カセットテープ類,,PRIMARY,14,CURBSIDE,ビデオテープ・カセットテープ,NOT_STATED_IN_CITED_SOURCE,,NOT_STATED_IN_CITED_SOURCE,NOT_STATED_IN_CITED_SOURCE,,,FALSE,FALSE,FALSE,,FALSE,,S-M047-01,https://www.town-kofu.jp/2/1/4/9/2/,家庭ごみ分別表／ビデオ・カセットテープ類,2026-08-19,SORT_BUCKET,CURRENT,,
M047,C-M047-15,布類,布類,,PRIMARY,15,CURBSIDE,タオル・衣類・シーツ・布団等,NOT_STATED_IN_CITED_SOURCE,,NOT_STATED_IN_CITED_SOURCE,NOT_STATED_IN_CITED_SOURCE,,,FALSE,FALSE,FALSE,,FALSE,,S-M047-01,https://www.town-kofu.jp/2/1/4/9/2/,家庭ごみ分別表／布類,2026-08-19,SORT_BUCKET,CURRENT,,
M047,C-M047-16,乾電池,乾電池,,PRIMARY,16,CURBSIDE,乾電池,NOT_STATED_IN_CITED_SOURCE,,NOT_STATED_IN_CITED_SOURCE,端子を絶縁,,,FALSE,FALSE,FALSE,,FALSE,,S-M047-01,https://www.town-kofu.jp/2/1/4/9/2/,家庭ごみ分別表／乾電池,2026-08-19,SORT_BUCKET,CURRENT,,
M047,C-M047-17,小型充電池,小型充電池,,PRIMARY,17,CURBSIDE,小型充電式電池,NOT_STATED_IN_CITED_SOURCE,,NOT_STATED_IN_CITED_SOURCE,端子を絶縁,,,FALSE,FALSE,FALSE,,FALSE,,S-M047-01,https://www.town-kofu.jp/2/1/4/9/2/,家庭ごみ分別表／小型充電池,2026-08-19,SORT_BUCKET,CURRENT,,
M047,C-M047-18,蛍光管・水銀体温計,蛍光管・水銀体温計,,PRIMARY,18,CURBSIDE,蛍光管・水銀体温計,NOT_STATED_IN_CITED_SOURCE,,NOT_STATED_IN_CITED_SOURCE,破損しないよう保護,,,FALSE,FALSE,FALSE,,FALSE,,S-M047-01,https://www.town-kofu.jp/2/1/4/9/2/,家庭ごみ分別表／蛍光管・水銀体温計,2026-08-19,SORT_BUCKET,CURRENT,,
M047,C-M047-19,小型家電等,小型家電等,,PRIMARY,19,DROP_OFF,携帯電話・デジカメ・PC・電子レンジ等,NOT_STATED_IN_CITED_SOURCE,,NOT_STATED_IN_CITED_SOURCE,個人情報を消去し電池を外す,,,FALSE,FALSE,FALSE,,FALSE,,S-M047-01,https://www.town-kofu.jp/2/1/4/9/2/,家庭ごみ分別表／小型家電等,2026-08-19,REFERENCE_ONLY,CURRENT,,
M047,C-M047-20,収集・処理できないごみ,収集・処理できないごみ,,EXCLUDED,20,NOT_COLLECTED,分別されていないごみ・産廃・消火器・タイヤ・土砂等,NOT_STATED_IN_CITED_SOURCE,,販売店・メーカー・専門業者等の公式案内に従う,受入先の指示に従う,,,FALSE,FALSE,FALSE,,TRUE,,S-M047-01,https://www.town-kofu.jp/2/1/4/9/2/,家庭ごみの出し方／収集・処理できないごみ,2026-08-19,EXCLUDED_NOTICE,CURRENT,,
M048,C-M048-01,もやせるごみ,もやせるごみ,,PRIMARY,1,CURBSIDE,生ごみ・紙くず・資源化できない可燃物,NOT_STATED_IN_CITED_SOURCE,,NOT_STATED_IN_CITED_SOURCE,生ごみは水切り,市指定袋,,FALSE,FALSE,FALSE,,FALSE,,S-M048-01,https://www.city.matsue.lg.jp/kurashi_tetsuzuki/gomi_kankyo_pet/6/2/7883.html,家庭から出るごみ／もやせるごみ,2026-08-19,SORT_BUCKET,CURRENT,,
M048,C-M048-02,金属,金属,,PRIMARY,2,CURBSIDE,金属製品・小型金属類,NOT_STATED_IN_CITED_SOURCE,,NOT_STATED_IN_CITED_SOURCE,NOT_STATED_IN_CITED_SOURCE,市指定袋,,FALSE,FALSE,FALSE,,FALSE,,S-M048-01,https://www.city.matsue.lg.jp/kurashi_tetsuzuki/gomi_kankyo_pet/6/2/7883.html,家庭から出るごみ／金属,2026-08-19,SORT_BUCKET,CURRENT,,
M048,C-M048-03,古紙・古着,古紙・古着,,PRIMARY,3,CURBSIDE,新聞・雑誌・段ボール・古着等,NOT_STATED_IN_CITED_SOURCE,,NOT_STATED_IN_CITED_SOURCE,古紙は種類別にまとめる,,,FALSE,FALSE,FALSE,,FALSE,,S-M048-01,https://www.city.matsue.lg.jp/kurashi_tetsuzuki/gomi_kankyo_pet/6/2/7883.html,家庭から出るごみ／資源／古紙・古着,2026-08-19,SORT_BUCKET,CURRENT,,
M048,C-M048-04,紙製容器包装,紙製容器包装,,PRIMARY,4,CURBSIDE,紙製の容器包装,NOT_STATED_IN_CITED_SOURCE,,NOT_STATED_IN_CITED_SOURCE,NOT_STATED_IN_CITED_SOURCE,市指定袋,,FALSE,FALSE,FALSE,,FALSE,,S-M048-01,https://www.city.matsue.lg.jp/kurashi_tetsuzuki/gomi_kankyo_pet/6/2/7883.html,家庭から出るごみ／資源／紙製容器包装,2026-08-19,SORT_BUCKET,CURRENT,,
M048,C-M048-05,プラスチック製容器包装,プラスチック製容器包装,,PRIMARY,5,CURBSIDE,プラマークの容器包装,NOT_STATED_IN_CITED_SOURCE,,NOT_STATED_IN_CITED_SOURCE,中身・汚れを除く,市指定袋,,FALSE,FALSE,FALSE,,FALSE,,S-M048-01,https://www.city.matsue.lg.jp/kurashi_tetsuzuki/gomi_kankyo_pet/6/2/7883.html,家庭から出るごみ／資源／プラスチック製容器包装,2026-08-19,SORT_BUCKET,CURRENT,,
M048,C-M048-06,缶・びん・ペットボトル,缶・びん・ペットボトル,,PRIMARY,6,CURBSIDE,飲食用缶・びん・PETボトル,NOT_STATED_IN_CITED_SOURCE,,NOT_STATED_IN_CITED_SOURCE,中身を空にしてすすぐ,,,FALSE,FALSE,FALSE,,FALSE,,S-M048-01,https://www.city.matsue.lg.jp/kurashi_tetsuzuki/gomi_kankyo_pet/6/2/7883.html,家庭から出るごみ／資源／缶・びん・ペットボトル,2026-08-19,SORT_BUCKET,CURRENT,,
M048,C-M048-07,粗大ごみ,粗大ごみ,,PRIMARY,7,BOOKED_PICKUP,指定袋に入らない大型家庭ごみ,NOT_STATED_IN_CITED_SOURCE,,NOT_STATED_IN_CITED_SOURCE,NOT_STATED_IN_CITED_SOURCE,,,TRUE,FALSE,FALSE,,FALSE,,S-M048-01,https://www.city.matsue.lg.jp/kurashi_tetsuzuki/gomi_kankyo_pet/6/2/7883.html,家庭から出るごみ／粗大ごみ,2026-08-19,REFERENCE_ONLY,CURRENT,,
M049,C-M049-01,燃やせるごみ,燃やせるごみ,,PRIMARY,1,CURBSIDE,生ごみ・紙くず・布革ゴム・プラマークなしプラ等,NOT_STATED_IN_CITED_SOURCE,,NOT_STATED_IN_CITED_SOURCE,生ごみは水切り。枝木は指定寸法にする,緑色指定袋,,FALSE,FALSE,FALSE,,FALSE,,S-M049-01,https://www.city.hamada.shimane.jp/www/contents/1001000003096/index.html,一般家庭／燃やせるごみ,2026-08-19,SORT_BUCKET,CURRENT,,
M049,C-M049-02,燃やせないごみ,燃やせないごみ,,PRIMARY,2,CURBSIDE,ガラス・陶磁器・金属・電気製品等,NOT_STATED_IN_CITED_SOURCE,,NOT_STATED_IN_CITED_SOURCE,割れ物・刃物は危険防止,青色指定袋,,FALSE,FALSE,FALSE,,FALSE,,S-M049-01,https://www.city.hamada.shimane.jp/www/contents/1001000003096/index.html,一般家庭／燃やせないごみ,2026-08-19,SORT_BUCKET,CURRENT,,
M049,C-M049-03,危険物・有害物,危険物・有害物,,PRIMARY,3,CURBSIDE,ライター・スプレー缶・ガス缶・乾電池・水銀体温計等,NOT_STATED_IN_CITED_SOURCE,,NOT_STATED_IN_CITED_SOURCE,ライター・スプレー缶等は使い切る。穴あけは必須でない,透明・半透明袋等,,FALSE,FALSE,FALSE,,FALSE,,S-M049-01,https://www.city.hamada.shimane.jp/www/contents/1001000003096/index.html,一般家庭／危険物・有害物,2026-08-19,SORT_BUCKET,CURRENT,,
M049,C-M049-04,ペットボトル・プラスチック製容器包装,ペットボトル・プラスチック製容器包装,,PRIMARY,4,CURBSIDE,PETボトル・プラマーク容器包装,NOT_STATED_IN_CITED_SOURCE,,NOT_STATED_IN_CITED_SOURCE,軽く水洗い。PETはキャップとラベルを外して同袋へ,水色指定袋,,FALSE,FALSE,FALSE,,FALSE,,S-M049-01,https://www.city.hamada.shimane.jp/www/contents/1001000003096/index.html,一般家庭／ペットボトル・プラスチック製容器包装,2026-08-19,SORT_BUCKET,CURRENT,,
M049,C-M049-05,びん,びん,,PRIMARY,5,CURBSIDE,飲料・調味料・食品用びん,NOT_STATED_IN_CITED_SOURCE,,NOT_STATED_IN_CITED_SOURCE,軽く水洗いしキャップを外す,オレンジ色指定袋,,FALSE,FALSE,FALSE,,FALSE,,S-M049-01,https://www.city.hamada.shimane.jp/www/contents/1001000003096/index.html,一般家庭／びん,2026-08-19,SORT_BUCKET,CURRENT,,
M049,C-M049-06,空缶,空缶,,PRIMARY,6,CURBSIDE,アルミ缶・スチール缶・缶詰缶等,NOT_STATED_IN_CITED_SOURCE,,NOT_STATED_IN_CITED_SOURCE,軽く水洗い,灰色指定袋,,FALSE,FALSE,FALSE,,FALSE,,S-M049-01,https://www.city.hamada.shimane.jp/www/contents/1001000003096/index.html,一般家庭／空缶,2026-08-19,SORT_BUCKET,CURRENT,,
M049,C-M049-07,古紙類,古紙類,,PRIMARY,7,CURBSIDE,新聞・雑誌広告・段ボール・牛乳パック・雑がみ等,NOT_STATED_IN_CITED_SOURCE,,NOT_STATED_IN_CITED_SOURCE,種類別にひもで十字に結ぶ。紙パックは洗い切り開き乾燥,,,FALSE,FALSE,FALSE,,FALSE,,S-M049-01,https://www.city.hamada.shimane.jp/www/contents/1001000003096/index.html,一般家庭／古紙類,2026-08-19,SORT_BUCKET,CURRENT,,
M049,C-M049-08,粗大ごみ,粗大ごみ,,PRIMARY,8,CURBSIDE,指定袋に入らない大型可燃・不燃ごみ,NOT_STATED_IN_CITED_SOURCE,,NOT_STATED_IN_CITED_SOURCE,粗大ごみシールを貼付,,,TRUE,FALSE,FALSE,,FALSE,,S-M049-01,https://www.city.hamada.shimane.jp/www/contents/1001000003096/index.html,一般家庭／粗大ごみ,2026-08-19,REFERENCE_ONLY,CURRENT,,
M049,C-M049-09,収集できないもの,収集できないもの,,EXCLUDED,9,NOT_COLLECTED,産業廃棄物・医療系廃棄物・自動車部品・処理困難物等,NOT_STATED_IN_CITED_SOURCE,,販売店・メーカー・専門業者等の公式案内に従う,受入先の指示に従う,,,FALSE,FALSE,FALSE,,TRUE,,S-M049-01,https://www.city.hamada.shimane.jp/www/contents/1001000003096/index.html,一般家庭／収集できないもの,2026-08-19,EXCLUDED_NOTICE,CURRENT,,
M050,C-M050-01,燃えるごみ,燃えるごみ,,PRIMARY,1,CURBSIDE,可燃性家庭ごみ,NOT_STATED_IN_CITED_SOURCE,,NOT_STATED_IN_CITED_SOURCE,市の指定方法に従う,,,FALSE,FALSE,FALSE,,FALSE,,S-M050-01,https://www.city.izumo.shimane.jp/www/contents/1751940594041/index.html,ごみの分類・処理の流れ／燃えるごみ,2026-08-19,SORT_BUCKET,CURRENT,,
M050,C-M050-02,破砕ごみ,破砕ごみ,,PRIMARY,2,CURBSIDE,破砕処理する不燃・複合ごみ,NOT_STATED_IN_CITED_SOURCE,,NOT_STATED_IN_CITED_SOURCE,NOT_STATED_IN_CITED_SOURCE,,,FALSE,FALSE,FALSE,,FALSE,,S-M050-01,https://www.city.izumo.shimane.jp/www/contents/1751940594041/index.html,ごみの分類・処理の流れ／破砕ごみ,2026-08-19,SORT_BUCKET,CURRENT,,
M050,C-M050-03,埋立ごみ,埋立ごみ,,PRIMARY,3,CURBSIDE,埋立処分する不燃ごみ,NOT_STATED_IN_CITED_SOURCE,,NOT_STATED_IN_CITED_SOURCE,NOT_STATED_IN_CITED_SOURCE,,,FALSE,FALSE,FALSE,,FALSE,,S-M050-01,https://www.city.izumo.shimane.jp/www/contents/1751940594041/index.html,ごみの分類・処理の流れ／埋立ごみ,2026-08-19,SORT_BUCKET,CURRENT,,
M050,C-M050-04,粗大ごみ,粗大ごみ,,PRIMARY,4,CURBSIDE,大型家庭ごみ,NOT_STATED_IN_CITED_SOURCE,,NOT_STATED_IN_CITED_SOURCE,NOT_STATED_IN_CITED_SOURCE,,,TRUE,FALSE,FALSE,,FALSE,,S-M050-01,https://www.city.izumo.shimane.jp/www/contents/1751940594041/index.html,ごみの分類・処理の流れ／粗大ごみ,2026-08-19,REFERENCE_ONLY,CURRENT,,
M050,C-M050-05,飲料用空き缶,飲料用空き缶,,PRIMARY,5,CURBSIDE,飲料用空き缶,NOT_STATED_IN_CITED_SOURCE,,NOT_STATED_IN_CITED_SOURCE,中身を空にしてすすぐ,,,FALSE,FALSE,FALSE,,FALSE,,S-M050-01,https://www.city.izumo.shimane.jp/www/contents/1751940594041/index.html,ごみの分類・処理の流れ／飲料用空き缶,2026-08-19,SORT_BUCKET,CURRENT,,
M050,C-M050-06,空きびん,空きびん,,PRIMARY,6,CURBSIDE,飲食用空きびん,NOT_STATED_IN_CITED_SOURCE,,NOT_STATED_IN_CITED_SOURCE,中身を空にしてすすぐ,,,FALSE,FALSE,FALSE,,FALSE,,S-M050-01,https://www.city.izumo.shimane.jp/www/contents/1751940594041/index.html,ごみの分類・処理の流れ／空きびん,2026-08-19,SORT_BUCKET,CURRENT,,
M050,C-M050-07,ペットボトル,ペットボトル,,PRIMARY,7,CURBSIDE,PETマークのボトル,NOT_STATED_IN_CITED_SOURCE,,NOT_STATED_IN_CITED_SOURCE,市の指定方法で出す,,,FALSE,FALSE,FALSE,,FALSE,,S-M050-01,https://www.city.izumo.shimane.jp/www/contents/1751940594041/index.html,ごみの分類・処理の流れ／ペットボトル,2026-08-19,SORT_BUCKET,CURRENT,,
M050,C-M050-08,使用済筒型乾電池,使用済筒型乾電池,,PRIMARY,8,CURBSIDE,筒型乾電池,NOT_STATED_IN_CITED_SOURCE,,NOT_STATED_IN_CITED_SOURCE,端子を絶縁,,,FALSE,FALSE,FALSE,,FALSE,,S-M050-01,https://www.city.izumo.shimane.jp/www/contents/1751940594041/index.html,ごみの分類・処理の流れ／使用済筒型乾電池,2026-08-19,SORT_BUCKET,CURRENT,,
M050,C-M050-09,使用済蛍光管,使用済蛍光管,,PRIMARY,9,CURBSIDE,蛍光管,NOT_STATED_IN_CITED_SOURCE,,NOT_STATED_IN_CITED_SOURCE,破損しないよう保護,,,FALSE,FALSE,FALSE,,FALSE,,S-M050-01,https://www.city.izumo.shimane.jp/www/contents/1751940594041/index.html,ごみの分類・処理の流れ／使用済蛍光管,2026-08-19,SORT_BUCKET,CURRENT,,
M050,C-M050-10,古紙,古紙,,PRIMARY,10,CURBSIDE,新聞・雑誌・段ボール等,NOT_STATED_IN_CITED_SOURCE,,NOT_STATED_IN_CITED_SOURCE,種類別にまとめる,,,FALSE,FALSE,FALSE,,FALSE,,S-M050-01,https://www.city.izumo.shimane.jp/www/contents/1751940594041/index.html,ごみの分類・処理の流れ／古紙,2026-08-19,SORT_BUCKET,CURRENT,,
M050,C-M050-11,古着,古着,,PRIMARY,11,CURBSIDE,衣類・古着,NOT_STATED_IN_CITED_SOURCE,,NOT_STATED_IN_CITED_SOURCE,洗って乾かす,,,FALSE,FALSE,FALSE,,FALSE,,S-M050-01,https://www.city.izumo.shimane.jp/www/contents/1751940594041/index.html,ごみの分類・処理の流れ／古着,2026-08-19,SORT_BUCKET,CURRENT,,
M050,C-M050-12,使用済割りばし,使用済割りばし,,PRIMARY,12,DROP_OFF,使用済み割り箸,NOT_STATED_IN_CITED_SOURCE,,NOT_STATED_IN_CITED_SOURCE,NOT_STATED_IN_CITED_SOURCE,,,FALSE,FALSE,FALSE,,FALSE,,S-M050-01,https://www.city.izumo.shimane.jp/www/contents/1751940594041/index.html,ごみの分類・処理の流れ／使用済割りばし,2026-08-19,REFERENCE_ONLY,CURRENT,,
M050,C-M050-13,廃食用油,廃食用油,,PRIMARY,13,DROP_OFF,家庭の使用済み食用油,NOT_STATED_IN_CITED_SOURCE,,NOT_STATED_IN_CITED_SOURCE,NOT_STATED_IN_CITED_SOURCE,,,FALSE,FALSE,FALSE,,FALSE,,S-M050-01,https://www.city.izumo.shimane.jp/www/contents/1751940594041/index.html,ごみの分類・処理の流れ／廃食用油,2026-08-19,REFERENCE_ONLY,CURRENT,,
M051,C-M051-01,燃やせるごみ,燃やせるごみ,,PRIMARY,1,CURBSIDE,生ごみ・紙くず・枝木等,NOT_STATED_IN_CITED_SOURCE,,NOT_STATED_IN_CITED_SOURCE,生ごみは水切り。枝木は直径又は厚さ10cm以下、長さ1m以下,指定袋,,FALSE,FALSE,FALSE,,FALSE,,S-M051-01,https://www.city.masuda.lg.jp/soshikikarasagasu/fukushikankyobu/kankyoeiseika/2/11/2554.html,ごみの分別区分と出し方／燃やせるごみ,2026-08-19,SORT_BUCKET,CURRENT,,
M051,C-M051-02,ステーション収集困難物,ステーション収集困難物,,PRIMARY,2,BOOKED_PICKUP,布団・毛布・カーペット・畳等の指定品,NOT_STATED_IN_CITED_SOURCE,,NOT_STATED_IN_CITED_SOURCE,電話予約し処理券を貼る,,,TRUE,FALSE,FALSE,,FALSE,,S-M051-01,https://www.city.masuda.lg.jp/soshikikarasagasu/fukushikankyobu/kankyoeiseika/2/11/2554.html,燃やせるごみ／ステーション収集困難物,2026-08-19,REFERENCE_ONLY,CURRENT,,
M051,C-M051-03,容器包装プラスチックごみ,容器包装プラスチックごみ,,PRIMARY,3,CURBSIDE,プラマークの容器包装,NOT_STATED_IN_CITED_SOURCE,,NOT_STATED_IN_CITED_SOURCE,中身・汚れを除く,指定袋,,FALSE,FALSE,FALSE,,FALSE,,S-M051-01,https://www.city.masuda.lg.jp/soshikikarasagasu/fukushikankyobu/kankyoeiseika/2/11/2554.html,ごみの分別区分と出し方／容器包装プラスチックごみ,2026-08-19,SORT_BUCKET,CURRENT,,
M051,C-M051-04,埋め立てるごみ,埋め立てるごみ,,PRIMARY,4,CURBSIDE,陶磁器・ガラス・蛍光灯等,NOT_STATED_IN_CITED_SOURCE,,NOT_STATED_IN_CITED_SOURCE,蛍光灯・陶磁器・ガラスはできるだけ別袋で危険表示,指定袋,,FALSE,FALSE,FALSE,,FALSE,,S-M051-01,https://www.city.masuda.lg.jp/soshikikarasagasu/fukushikankyobu/kankyoeiseika/2/11/2554.html,ごみの分別区分と出し方／埋め立てるごみ,2026-08-19,SORT_BUCKET,CURRENT,,
M051,C-M051-05,カン類,カン類,,PRIMARY,5,CURBSIDE,飲食用缶等,NOT_STATED_IN_CITED_SOURCE,,NOT_STATED_IN_CITED_SOURCE,中身を空にしてすすぐ,透明・半透明袋,,FALSE,FALSE,FALSE,,FALSE,,S-M051-01,https://www.city.masuda.lg.jp/soshikikarasagasu/fukushikankyobu/kankyoeiseika/2/11/2554.html,資源類／カン類,2026-08-19,SORT_BUCKET,CURRENT,,
M051,C-M051-06,びん類,びん類,,PRIMARY,6,CURBSIDE,飲食用びん,NOT_STATED_IN_CITED_SOURCE,,NOT_STATED_IN_CITED_SOURCE,無色・茶色・その他色に分ける,透明・半透明袋,,FALSE,FALSE,FALSE,,FALSE,,S-M051-01,https://www.city.masuda.lg.jp/soshikikarasagasu/fukushikankyobu/kankyoeiseika/2/11/2554.html,資源類／びん類,2026-08-19,SORT_BUCKET,CURRENT,,
M051,C-M051-07,古紙類,古紙類,,PRIMARY,7,CURBSIDE,新聞・段ボール・雑紙雑誌,NOT_STATED_IN_CITED_SOURCE,,NOT_STATED_IN_CITED_SOURCE,新聞・段ボール・雑紙雑誌に分けて紙ひもで束ねる,,,FALSE,FALSE,FALSE,,FALSE,,S-M051-01,https://www.city.masuda.lg.jp/soshikikarasagasu/fukushikankyobu/kankyoeiseika/2/11/2554.html,資源類／古紙類,2026-08-19,SORT_BUCKET,CURRENT,,
M051,C-M051-08,ペットボトル,ペットボトル,,PRIMARY,8,CURBSIDE,PETマークのボトル,NOT_STATED_IN_CITED_SOURCE,,NOT_STATED_IN_CITED_SOURCE,市の指定方法で出す,透明・半透明袋,,FALSE,FALSE,FALSE,,FALSE,,S-M051-01,https://www.city.masuda.lg.jp/soshikikarasagasu/fukushikankyobu/kankyoeiseika/2/11/2554.html,資源類／ペットボトル,2026-08-19,SORT_BUCKET,CURRENT,,
M051,C-M051-09,紙パック,紙パック,,PRIMARY,9,CURBSIDE,飲料用紙パック,NOT_STATED_IN_CITED_SOURCE,,NOT_STATED_IN_CITED_SOURCE,ひもで束ねる。注ぎ口キャップは容器包装プラ,,,FALSE,FALSE,FALSE,,FALSE,,S-M051-01,https://www.city.masuda.lg.jp/soshikikarasagasu/fukushikankyobu/kankyoeiseika/2/11/2554.html,資源類／紙パック,2026-08-19,SORT_BUCKET,CURRENT,,
M051,C-M051-10,家電製品・金属類,家電製品・金属類,,PRIMARY,10,CURBSIDE,家電製品・金属類・小型金属・刃物,NOT_STATED_IN_CITED_SOURCE,,NOT_STATED_IN_CITED_SOURCE,刃物は刃を包装し危険表示,小型品は透明・半透明袋,,FALSE,FALSE,FALSE,,FALSE,,S-M051-01,https://www.city.masuda.lg.jp/soshikikarasagasu/fukushikankyobu/kankyoeiseika/2/11/2554.html,ごみの分別区分と出し方／家電製品・金属類,2026-08-19,SORT_BUCKET,CURRENT,,
M051,C-M051-11,発泡スチロール類,発泡スチロール類,,PRIMARY,11,CURBSIDE,発泡スチロール,NOT_STATED_IN_CITED_SOURCE,,NOT_STATED_IN_CITED_SOURCE,汚れの程度で分ける。ひどい汚れは埋立,,,FALSE,FALSE,FALSE,,FALSE,,S-M051-01,https://www.city.masuda.lg.jp/soshikikarasagasu/fukushikankyobu/kankyoeiseika/2/11/2554.html,ごみの分別区分と出し方／発泡スチロール類,2026-08-19,SORT_BUCKET,CURRENT,,
M051,C-M051-12,廃食用油,廃食用油,,PRIMARY,12,DROP_OFF,家庭の植物性廃食用油,NOT_STATED_IN_CITED_SOURCE,,NOT_STATED_IN_CITED_SOURCE,植物性油のみ。異物を混ぜない,,,FALSE,FALSE,FALSE,,FALSE,,S-M051-01,https://www.city.masuda.lg.jp/soshikikarasagasu/fukushikankyobu/kankyoeiseika/2/11/2554.html,ごみの分別区分と出し方／廃食用油,2026-08-19,REFERENCE_ONLY,CURRENT,,
M051,C-M051-13,木製家具,木製家具,,PRIMARY,13,BOOKED_PICKUP,たんす・机等の木製家具,NOT_STATED_IN_CITED_SOURCE,,NOT_STATED_IN_CITED_SOURCE,電話申込又はリサイクルプラザへ直接搬入,,,TRUE,FALSE,FALSE,,FALSE,,S-M051-01,https://www.city.masuda.lg.jp/soshikikarasagasu/fukushikankyobu/kankyoeiseika/2/11/2554.html,ごみの分別区分と出し方／木製家具,2026-08-19,REFERENCE_ONLY,CURRENT,,
M052,C-M052-01,資源物Aグループ,資源物Aグループ,,PRIMARY,1,CURBSIDE,アルミ缶・スチール缶・ガラス瓶,NOT_STATED_IN_CITED_SOURCE,,NOT_STATED_IN_CITED_SOURCE,中身を空にしてすすぐ,,,FALSE,FALSE,FALSE,,FALSE,,S-M052-01,https://www.city.oda.lg.jp/ohda_city/city_organization/33/38/gomi-risaikuru/2028/9495,ごみの分類と出し方／資源物Aグループ,2026-08-19,SORT_BUCKET,CURRENT,,
M052,C-M052-02,資源物Bグループ,資源物Bグループ,,PRIMARY,2,CURBSIDE,ペットボトル・廃乾電池・充電式電池・水銀体温計,NOT_STATED_IN_CITED_SOURCE,,NOT_STATED_IN_CITED_SOURCE,電池類は端子を絶縁,,,FALSE,FALSE,FALSE,,FALSE,,S-M052-01,https://www.city.oda.lg.jp/ohda_city/city_organization/33/38/gomi-risaikuru/2028/9495,ごみの分類と出し方／資源物Bグループ,2026-08-19,SORT_BUCKET,CURRENT,,
M052,C-M052-03,資源物Cグループ,資源物Cグループ,,PRIMARY,3,CURBSIDE,段ボール・新聞折込広告・その他の紙・古布・紙パック,NOT_STATED_IN_CITED_SOURCE,,NOT_STATED_IN_CITED_SOURCE,紙類は種類別にまとめる,,,FALSE,FALSE,FALSE,,FALSE,,S-M052-01,https://www.city.oda.lg.jp/ohda_city/city_organization/33/38/gomi-risaikuru/2028/9495,ごみの分類と出し方／資源物Cグループ,2026-08-19,SORT_BUCKET,CURRENT,,
M052,C-M052-04,プラスチック製容器包装,プラスチック製容器包装,,PRIMARY,4,CURBSIDE,プラマークの容器包装,NOT_STATED_IN_CITED_SOURCE,,NOT_STATED_IN_CITED_SOURCE,中身・汚れを除く,指定袋,,FALSE,FALSE,FALSE,,FALSE,,S-M052-01,https://www.city.oda.lg.jp/ohda_city/city_organization/33/38/gomi-risaikuru/2028/9495,ごみの分類と出し方／プラスチック製容器包装,2026-08-19,SORT_BUCKET,CURRENT,,
M052,C-M052-05,燃やせるごみ,燃やせるごみ,,PRIMARY,5,CURBSIDE,生ごみ・紙くず等の可燃物,NOT_STATED_IN_CITED_SOURCE,,NOT_STATED_IN_CITED_SOURCE,生ごみは水切り,指定袋,,FALSE,FALSE,FALSE,,FALSE,,S-M052-01,https://www.city.oda.lg.jp/ohda_city/city_organization/33/38/gomi-risaikuru/2028/9495,ごみの分類と出し方／燃やせるごみ,2026-08-19,SORT_BUCKET,CURRENT,,
M052,C-M052-06,家庭不燃ごみ,家庭不燃ごみ,,PRIMARY,6,CURBSIDE,家庭の不燃ごみ,NOT_STATED_IN_CITED_SOURCE,,NOT_STATED_IN_CITED_SOURCE,NOT_STATED_IN_CITED_SOURCE,指定袋,,FALSE,FALSE,FALSE,,FALSE,,S-M052-01,https://www.city.oda.lg.jp/ohda_city/city_organization/33/38/gomi-risaikuru/2028/9495,ごみの分類と出し方／家庭不燃ごみ,2026-08-19,SORT_BUCKET,CURRENT,,
M052,C-M052-07,家庭不燃粗大ごみ,家庭不燃粗大ごみ,,PRIMARY,7,CURBSIDE,指定袋に入らない不燃大型品,NOT_STATED_IN_CITED_SOURCE,,NOT_STATED_IN_CITED_SOURCE,処理券を貼る又は直接搬入,,2m×1m×1m以内,TRUE,FALSE,FALSE,,FALSE,,S-M052-01,https://www.city.oda.lg.jp/ohda_city/city_organization/33/38/gomi-risaikuru/2028/9495,ごみの分類と出し方／家庭不燃粗大ごみ,2026-08-19,REFERENCE_ONLY,CURRENT,,
M052,C-M052-08,市で収集・処理できないごみ,市で収集・処理できないごみ,,EXCLUDED,8,NOT_COLLECTED,家電4品目・処理困難物等,NOT_STATED_IN_CITED_SOURCE,,販売店・メーカー・専門業者等の公式案内に従う,受入先の指示に従う,,,FALSE,FALSE,FALSE,,TRUE,,S-M052-03,https://www.city.oda.lg.jp/ohda_city/city_organization/33/38/gomi-risaikuru/2028/zikohan/,ごみの自己搬入について／市では収集も処理もできないごみ,2026-08-19,EXCLUDED_NOTICE,CURRENT,,
M053,C-M053-01,燃やすごみ,燃やすごみ,,PRIMARY,1,CURBSIDE,生ごみ・紙くず・草類等,NOT_STATED_IN_CITED_SOURCE,,NOT_STATED_IN_CITED_SOURCE,生ごみは水切り,市指定袋,,FALSE,FALSE,FALSE,,FALSE,,S-M053-01,https://www.city.yasugi.shimane.jp/kurashi/gomi/gomi-recycle/tebiki.html,ごみ分別の手引き／燃やすごみ,2026-08-19,SORT_BUCKET,CURRENT,,
M053,C-M053-02,プラスチック類,プラスチック類,,PRIMARY,2,CURBSIDE,プラスチックだけでできた物・指定プラ類,NOT_STATED_IN_CITED_SOURCE,,NOT_STATED_IN_CITED_SOURCE,中身・汚れを除く,,,FALSE,FALSE,FALSE,,FALSE,,S-M053-01,https://www.city.yasugi.shimane.jp/kurashi/gomi/gomi-recycle/tebiki.html,ごみ分別の手引き／プラスチック類,2026-08-19,SORT_BUCKET,CURRENT,,
M053,C-M053-03,ペットボトル,ペットボトル,,PRIMARY,3,CURBSIDE,PETマークのボトル,NOT_STATED_IN_CITED_SOURCE,,NOT_STATED_IN_CITED_SOURCE,キャップ・ラベルを外す,,,FALSE,FALSE,FALSE,,FALSE,,S-M053-01,https://www.city.yasugi.shimane.jp/kurashi/gomi/gomi-recycle/tebiki.html,ごみ分別の手引き／ペットボトル,2026-08-19,SORT_BUCKET,CURRENT,,
M053,C-M053-04,ビン類（飲食用）,ビン類（飲食用）,,PRIMARY,4,CURBSIDE,飲食用びん,NOT_STATED_IN_CITED_SOURCE,,NOT_STATED_IN_CITED_SOURCE,中をすすぐ,,,FALSE,FALSE,FALSE,,FALSE,,S-M053-01,https://www.city.yasugi.shimane.jp/kurashi/gomi/gomi-recycle/tebiki.html,ごみ分別の手引き／ビン類（飲食用）,2026-08-19,SORT_BUCKET,CURRENT,,
M053,C-M053-05,金属類,金属類,,PRIMARY,5,CURBSIDE,金属容器・工具等,NOT_STATED_IN_CITED_SOURCE,,NOT_STATED_IN_CITED_SOURCE,NOT_STATED_IN_CITED_SOURCE,,,FALSE,FALSE,FALSE,,FALSE,,S-M053-01,https://www.city.yasugi.shimane.jp/kurashi/gomi/gomi-recycle/tebiki.html,ごみ分別の手引き／金属類,2026-08-19,SORT_BUCKET,CURRENT,,
M053,C-M053-06,缶類（飲料用）,缶類（飲料用）,,PRIMARY,6,CURBSIDE,アルミ缶・スチール缶,NOT_STATED_IN_CITED_SOURCE,,NOT_STATED_IN_CITED_SOURCE,つぶさず洗って出す,,,FALSE,FALSE,FALSE,,FALSE,,S-M053-01,https://www.city.yasugi.shimane.jp/kurashi/gomi/gomi-recycle/tebiki.html,ごみ分別の手引き／缶類（飲料用）,2026-08-19,SORT_BUCKET,CURRENT,,
M053,C-M053-07,雑紙（その他の紙類）,雑紙（その他の紙類）,,PRIMARY,7,CURBSIDE,封筒・包装紙等の雑がみ,NOT_STATED_IN_CITED_SOURCE,,NOT_STATED_IN_CITED_SOURCE,紙以外を取り除く,,,FALSE,FALSE,FALSE,,FALSE,,S-M053-01,https://www.city.yasugi.shimane.jp/kurashi/gomi/gomi-recycle/tebiki.html,ごみ分別の手引き／雑紙（その他の紙類）,2026-08-19,SORT_BUCKET,CURRENT,,
M053,C-M053-08,本（書籍）・雑誌・冊子,本（書籍）・雑誌・冊子,,PRIMARY,8,CURBSIDE,本・漫画・週刊誌・パンフレット等,NOT_STATED_IN_CITED_SOURCE,,NOT_STATED_IN_CITED_SOURCE,種類別にまとめる,,,FALSE,FALSE,FALSE,,FALSE,,S-M053-01,https://www.city.yasugi.shimane.jp/kurashi/gomi/gomi-recycle/tebiki.html,ごみ分別の手引き／本（書籍）・雑誌・冊子,2026-08-19,SORT_BUCKET,CURRENT,,
M053,C-M053-09,ダンボール,ダンボール,,PRIMARY,9,CURBSIDE,段ボール,NOT_STATED_IN_CITED_SOURCE,,NOT_STATED_IN_CITED_SOURCE,紙ひも等でまとめる,,,FALSE,FALSE,FALSE,,FALSE,,S-M053-01,https://www.city.yasugi.shimane.jp/kurashi/gomi/gomi-recycle/tebiki.html,ごみ分別の手引き／ダンボール,2026-08-19,SORT_BUCKET,CURRENT,,
M053,C-M053-10,牛乳パック,牛乳パック,,PRIMARY,10,CURBSIDE,飲料用紙パック,NOT_STATED_IN_CITED_SOURCE,,NOT_STATED_IN_CITED_SOURCE,洗って切り開き乾かす,,,FALSE,FALSE,FALSE,,FALSE,,S-M053-01,https://www.city.yasugi.shimane.jp/kurashi/gomi/gomi-recycle/tebiki.html,ごみ分別の手引き／牛乳パック,2026-08-19,SORT_BUCKET,CURRENT,,
M053,C-M053-11,新聞・新聞チラシ,新聞・新聞チラシ,,PRIMARY,11,CURBSIDE,新聞・折込チラシ,NOT_STATED_IN_CITED_SOURCE,,NOT_STATED_IN_CITED_SOURCE,まとめて出す,,,FALSE,FALSE,FALSE,,FALSE,,S-M053-01,https://www.city.yasugi.shimane.jp/kurashi/gomi/gomi-recycle/tebiki.html,ごみ分別の手引き／新聞・新聞チラシ,2026-08-19,SORT_BUCKET,CURRENT,,
M053,C-M053-12,衣類,衣類,,PRIMARY,12,CURBSIDE,衣類・古着,NOT_STATED_IN_CITED_SOURCE,,NOT_STATED_IN_CITED_SOURCE,洗って乾かす,,,FALSE,FALSE,FALSE,,FALSE,,S-M053-01,https://www.city.yasugi.shimane.jp/kurashi/gomi/gomi-recycle/tebiki.html,ごみ分別の手引き／衣類,2026-08-19,SORT_BUCKET,CURRENT,,
M053,C-M053-13,蛍光管・水銀体温計,蛍光管・水銀体温計,,PRIMARY,13,CURBSIDE,蛍光管・水銀体温計,NOT_STATED_IN_CITED_SOURCE,,NOT_STATED_IN_CITED_SOURCE,破損しないよう保護,,,FALSE,FALSE,FALSE,,FALSE,,S-M053-01,https://www.city.yasugi.shimane.jp/kurashi/gomi/gomi-recycle/tebiki.html,ごみ分別の手引き／蛍光管・水銀体温計,2026-08-19,SORT_BUCKET,CURRENT,,
M053,C-M053-14,板ガラス,板ガラス,,PRIMARY,14,CURBSIDE,板ガラス,NOT_STATED_IN_CITED_SOURCE,,NOT_STATED_IN_CITED_SOURCE,破損防止,,,FALSE,FALSE,FALSE,,FALSE,,S-M053-01,https://www.city.yasugi.shimane.jp/kurashi/gomi/gomi-recycle/tebiki.html,ごみ分別の手引き／板ガラス,2026-08-19,SORT_BUCKET,CURRENT,,
M053,C-M053-15,埋立ごみ,埋立ごみ,,PRIMARY,15,CURBSIDE,陶磁器・割れびん・鏡等,NOT_STATED_IN_CITED_SOURCE,,NOT_STATED_IN_CITED_SOURCE,危険物は保護,,,FALSE,FALSE,FALSE,,FALSE,,S-M053-01,https://www.city.yasugi.shimane.jp/kurashi/gomi/gomi-recycle/tebiki.html,ごみ分別の手引き／埋立ごみ,2026-08-19,SORT_BUCKET,CURRENT,,
M053,C-M053-16,粗大ごみ,粗大ごみ,,PRIMARY,16,BOOKED_PICKUP,指定袋等に入らない大型家庭ごみ,NOT_STATED_IN_CITED_SOURCE,,NOT_STATED_IN_CITED_SOURCE,NOT_STATED_IN_CITED_SOURCE,,,TRUE,FALSE,FALSE,,FALSE,,S-M053-01,https://www.city.yasugi.shimane.jp/kurashi/gomi/gomi-recycle/tebiki.html,ごみ分別の手引き／粗大ごみ,2026-08-19,REFERENCE_ONLY,CURRENT,,
M053,C-M053-17,市では収集・処理しないもの,市では収集・処理しないもの,,EXCLUDED,17,NOT_COLLECTED,家電リサイクル法対象品・パソコン・専門業者処理品,NOT_STATED_IN_CITED_SOURCE,,販売店・メーカー・専門業者等の公式案内に従う,受入先の指示に従う,,,FALSE,FALSE,FALSE,,TRUE,,S-M053-01,https://www.city.yasugi.shimane.jp/kurashi/gomi/gomi-recycle/tebiki.html,ごみ分別の手引き／市では収集・処理しないもの,2026-08-19,EXCLUDED_NOTICE,CURRENT,,
